-- phpMyAdmin SQL Dump
-- version 4.5.2
-- http://www.phpmyadmin.net
--
-- Host: localhost
-- Generation Time: Sep 28, 2016 at 03:13 
-- Server version: 10.1.13-MariaDB
-- PHP Version: 7.0.8

SET SQL_MODE = "NO_AUTO_VALUE_ON_ZERO";
SET time_zone = "+00:00";


/*!40101 SET @OLD_CHARACTER_SET_CLIENT=@@CHARACTER_SET_CLIENT */;
/*!40101 SET @OLD_CHARACTER_SET_RESULTS=@@CHARACTER_SET_RESULTS */;
/*!40101 SET @OLD_COLLATION_CONNECTION=@@COLLATION_CONNECTION */;
/*!40101 SET NAMES utf8mb4 */;

--
-- Database: `TIMESHARE`
--

-- --------------------------------------------------------

--
-- Table structure for table `Registration`
--
DROP SCHEMA IF EXISTS TIMESHARE;
CREATE SCHEMA TIMESHARE;
USE TIMESHARE;

CREATE TABLE `Registration` (
  `id` int(10) UNSIGNED NOT NULL,
  `emailaddress` varchar(50) NOT NULL,
  `name` varchar(50) NOT NULL,
  `password` varchar(50) NOT NULL,
  `code` varchar(10) NOT NULL
) ENGINE=InnoDB DEFAULT CHARSET=latin1;

-- --------------------------------------------------------

--
-- Table structure for table `Schedule`
--

CREATE TABLE `Schedule` (
  `ScheduleID` int(10) UNSIGNED NOT NULL,
  `ScheduleArray` varchar(400) NOT NULL
) ENGINE=InnoDB DEFAULT CHARSET=latin1;

-- --------------------------------------------------------

--
-- Table structure for table `Service`
--

CREATE TABLE `Service` (
  `ServiceID` int(11) NOT NULL,
  `ScheduleID` int(11) NOT NULL,
  `UserID` int(11) NOT NULL,
  `Category` varchar(60) NOT NULL,
  `RatePerHour` varchar(30) NOT NULL,
  `Location` varchar(100) NOT NULL,
  `SubCategories` varchar(300) NOT NULL
) ENGINE=InnoDB DEFAULT CHARSET=latin1;

-- --------------------------------------------------------

--
-- Table structure for table `Transaction`
--

CREATE TABLE `Transaction` (
  `TransactionID` int(11) NOT NULL,
  `BuyerID` int(11) NOT NULL,
  `DateOfSale` varchar(30) NOT NULL,
  `SellerID` int(11) NOT NULL
) ENGINE=InnoDB DEFAULT CHARSET=latin1;

-- --------------------------------------------------------

--
-- Table structure for table `TransactionLine`
--

CREATE TABLE `TransactionLine` (
  `TransactionLineID` int(11) NOT NULL,
  `ServiceID` int(11) NOT NULL,
  `TransactionID` int(11) NOT NULL,
  `RatePerHour` varchar(30) NOT NULL,
  `Quantity` int(11) NOT NULL
) ENGINE=InnoDB DEFAULT CHARSET=latin1;

-- --------------------------------------------------------

--
-- Table structure for table `user`
--

CREATE TABLE `user` (
  `userid` int(10) UNSIGNED NOT NULL,
  `emailaddress` varchar(50) NOT NULL,
  `name` varchar(30) NOT NULL,
  `password` varchar(30) NOT NULL,
  `profilepicture` longblob
) ENGINE=InnoDB DEFAULT CHARSET=latin1;

--
-- Indexes for dumped tables
--

--
-- Indexes for table `Registration`
--
ALTER TABLE `Registration`
  ADD PRIMARY KEY (`id`);

--
-- Indexes for table `Schedule`
--
ALTER TABLE `Schedule`
  ADD PRIMARY KEY (`ScheduleID`);

--
-- Indexes for table `Service`
--
ALTER TABLE `Service`
  ADD PRIMARY KEY (`ServiceID`);

--
-- Indexes for table `Transaction`
--
ALTER TABLE `Transaction`
  ADD PRIMARY KEY (`TransactionID`);

--
-- Indexes for table `TransactionLine`
--
ALTER TABLE `TransactionLine`
  ADD PRIMARY KEY (`TransactionLineID`);

--
-- Indexes for table `user`
--
ALTER TABLE `user`
  ADD PRIMARY KEY (`userid`);

--
-- AUTO_INCREMENT for dumped tables
--

--
-- AUTO_INCREMENT for table `Registration`
--
ALTER TABLE `Registration`
  MODIFY `id` int(10) UNSIGNED NOT NULL AUTO_INCREMENT;
--
-- AUTO_INCREMENT for table `Schedule`
--
ALTER TABLE `Schedule`
  MODIFY `ScheduleID` int(10) UNSIGNED NOT NULL AUTO_INCREMENT;
--
-- AUTO_INCREMENT for table `Service`
--
ALTER TABLE `Service`
  MODIFY `ServiceID` int(11) NOT NULL AUTO_INCREMENT;
--
-- AUTO_INCREMENT for table `Transaction`
--
ALTER TABLE `Transaction`
  MODIFY `TransactionID` int(11) NOT NULL AUTO_INCREMENT;
--
-- AUTO_INCREMENT for table `TransactionLine`
--
ALTER TABLE `TransactionLine`
  MODIFY `TransactionLineID` int(11) NOT NULL AUTO_INCREMENT;
--
-- AUTO_INCREMENT for table `user`
--
ALTER TABLE `user`
  MODIFY `userid` int(10) UNSIGNED NOT NULL AUTO_INCREMENT;
/*!40101 SET CHARACTER_SET_CLIENT=@OLD_CHARACTER_SET_CLIENT */;
/*!40101 SET CHARACTER_SET_RESULTS=@OLD_CHARACTER_SET_RESULTS */;
/*!40101 SET COLLATION_CONNECTION=@OLD_COLLATION_CONNECTION */;


-- Entity Insert statements

INSERT INTO `Schedule` (`ScheduleID`, `ScheduleArray`) VALUES
  (1, '1,0,1,1,0,0,0,0,1,0,0,0,0,0,0,0,0,0,0,0,0,0,0,0,0,0,0,1,0,0,0,0,0,0,1,0,0,0,0,0,0,0,0,0,0,0,0,0,0,0,0,0,0,0,0,0,0,0,0,0,0,0,0,0,0,0,0,0,0,0,0,0,0,0,0,1,1,1,1,0,1,1,0,0'),
  (2, '0,1,0,0,0,1,0,0,1,0,0,1,0,0,0,1,0,0,0,0,1,1,0,1,0,1,0,1,0,0,0,1,0,0,1,0,0,1,1,0,0,0,1,0,0,0,0,0,0,1,0,0,0,1,0,0,0,0,0,1,1,0,0,0,0,1,0,0,0,0,0,0,1,0,0,0,0,1,1,0,0,0,1,1'),
  (3, '1,0,0,0,1,0,1,0,0,0,0,0,0,1,0,1,0,0,1,0,0,0,0,0,1,0,0,0,0,0,1,0,0,0,0,0,0,0,0,0,0,0,1,0,0,1,0,0,0,1,1,0,0,1,0,0,1,1,0,0,0,0,0,0,0,0,0,0,1,0,0,0,0,0,0,0,0,0,1,0,0,1,0,1'),
  (4, '1,0,1,0,0,0,0,0,0,0,0,0,0,0,0,0,0,0,0,0,0,0,1,0,1,0,0,0,0,0,0,0,0,0,0,0,0,1,0,1,1,1,0,0,1,0,1,1,1,0,1,0,0,0,0,0,0,1,0,0,0,0,0,0,1,0,0,0,0,0,0,1,0,0,0,0,0,1,0,0,1,0,1,0'),
  (5, '0,0,0,0,0,0,0,0,0,0,0,0,0,0,0,0,0,0,1,0,0,0,1,1,0,1,1,1,0,0,1,0,1,0,1,0,1,1,0,1,0,1,0,0,0,0,1,1,1,0,0,0,0,1,0,0,0,0,0,0,1,0,0,1,0,0,0,0,0,0,1,0,0,0,0,1,0,0,0,0,0,0,0,1'),
  (6, '0,0,1,0,0,1,0,1,0,0,0,0,0,0,0,0,0,0,1,0,0,0,0,0,0,0,0,0,0,0,0,0,0,0,0,1,0,0,1,0,0,1,0,0,0,0,0,0,0,0,1,0,0,1,0,0,0,0,0,0,1,0,0,0,0,0,0,0,0,1,0,1,0,0,0,0,0,1,0,0,1,0,0,1'),
  (7, '0,0,0,0,0,0,0,0,0,0,0,0,0,0,1,0,0,0,0,0,0,1,0,1,0,0,0,0,1,0,1,1,1,0,0,0,0,1,1,1,0,0,0,0,1,1,1,0,0,0,0,1,1,1,0,0,0,0,0,0,0,0,0,0,0,0,0,0,0,0,0,0,0,0,0,0,0,0,0,0,0,0,0,0'),
  (8, '0,0,0,0,0,0,0,0,0,0,0,0,0,0,0,0,0,0,0,0,0,0,0,0,0,0,0,0,0,0,0,0,0,0,0,1,1,1,1,1,1,1,1,1,1,1,1,1,1,1,1,1,1,1,1,1,0,0,0,0,0,0,0,1,0,0,0,1,1,0,1,0,0,0,1,1,0,0,0,0,0,0,0,0'),
  (9, '0,0,0,0,1,0,0,1,1,0,1,1,0,0,1,0,0,1,1,0,0,0,0,0,1,0,0,0,0,1,1,0,0,0,0,0,0,1,0,0,0,0,0,0,1,1,0,0,1,0,0,0,0,0,0,1,0,0,0,0,0,1,1,0,0,1,1,1,1,1,0,0,1,0,0,1,1,0,0,0,0,0,1,1'),
  (10, '1,1,1,1,1,1,0,1,1,1,1,1,1,0,1,1,1,1,1,1,0,0,0,0,0,0,0,0,0,0,0,0,0,0,0,1,0,0,0,0,0,0,0,1,0,0,0,0,0,0,1,1,1,0,0,0,0,0,1,1,0,0,1,0,0,0,0,0,0,1,1,0,0,0,0,0,1,1,0,0,0,0,0,1'),
  (11, '0,0,0,0,0,0,0,0,0,0,0,0,0,0,1,1,0,0,0,0,0,1,1,0,0,0,0,0,1,1,0,0,0,0,0,1,1,0,0,0,1,0,0,0,0,0,0,1,0,0,0,0,1,0,1,0,0,0,0,1,0,1,0,0,0,0,1,0,1,0,0,0,0,1,0,1,0,0,0,0,1,0,1,0');

INSERT INTO service (ServiceID, ScheduleID, UserID, Category, RatePerHour, Location, SubCategories)
VALUES (1, 1, 1, 'Education', '150', 'Bellville', 'Maths');
INSERT INTO service (ServiceID, ScheduleID, UserID, Category, RatePerHour, Location, SubCategories)
VALUES (2, 2, 2, 'Education', '200', 'Bellville', 'Maths');
INSERT INTO service (ServiceID, ScheduleID, UserID, Category, RatePerHour, Location, SubCategories)
VALUES (3, 3, 3, 'Education', '350', 'Blouberg', 'English');
INSERT INTO service (ServiceID, ScheduleID, UserID, Category, RatePerHour, Location, SubCategories)
VALUES (4, 4, 4, 'Entertainment', '600', 'Bellville', 'Music');
INSERT INTO service (ServiceID, ScheduleID, UserID, Category, RatePerHour, Location, SubCategories)
VALUES (5, 5, 5, 'Education', '435', 'Plattekloof', 'Physical Science');
INSERT INTO service (ServiceID, ScheduleID, UserID, Category, RatePerHour, Location, SubCategories)
VALUES (6, 6, 6, 'Education', '100', 'Bellville', 'Art');
INSERT INTO service (ServiceID, ScheduleID, UserID, Category, RatePerHour, Location, SubCategories)
VALUES (7, 7, 7, 'Education', '250', 'Soneike', 'Drama');
INSERT INTO service (ServiceID, ScheduleID, UserID, Category, RatePerHour, Location, SubCategories)
VALUES (8, 8, 8, 'Education', '350', 'Paarl', 'Afrikaans');
INSERT INTO service (ServiceID, ScheduleID, UserID, Category, RatePerHour, Location, SubCategories)
VALUES (9, 9, 9, 'Education', '200', 'Bellville', 'Maths');
INSERT INTO service (ServiceID, ScheduleID, UserID, Category, RatePerHour, Location, SubCategories)
VALUES (10, 10, 10, 'Education', '300', 'Bellville', 'Maths');

INSERT INTO `user` (`userid`, `emailaddress`, `name`, `password`, `profilepicture`) VALUES
(1, 'ferintaylor@gmail.com', 'Mary', 'admin123', 0xffd8ffe000104a46494600010100000100010000ffdb0084000906071313121513121315151517181717171818181a171819181515181817171818181d2820181a251b181721312225292b2e2e2e171f3338332d37282d2e2b010a0a0a0e0d0e1a10101a2d2520262d2d2d2d2d2d2d2d2d2d2d2d2d2d2d2d2d2d2d2d2d2d2d2d2d2d2d2d2d2d2d2d2d2d2d2d2d2d2d2d2d2d2d2d2d2d2d2d2d2dffc000110800c2010403011100021101031101ffc4001c0000020301010101000000000000000000040502030607010008ffc4004610000103010504080109050704030000000102031100040512213106415161132232718191a1b1c1071442526272d1e1f023338292b21524345373a2f14363c2d216b3c3ffc4001b01000203010101000000000000000000000203000104050607ffc400381100020201030203070204060203000000000102110304122131410513512261718191b1c114322333a1f015425262d1e10624347282ffda000c03010002110311003f005adddab035359f4da3c9a9938c2b8f513abd7e2d3454b25f2eb8269b1af2cce7a738d68f53e1b9b4eae6b8f70ad378a60d44b6c1bbf7f1f425f317389ac5b4dfbd1f7cd1cabda56e449365768944a72418cd8dcfd0a62800e61ad5817fa146b1a0778522ef571f4abf2915bc9aec4520a89800124c6806b53cb48b536cc2deb7829d513308190eef8712681235a5485a6d11d89efc80f5d4542c114f1392a55c7231e66054a2582bead70109e3a4e5bff46aca014da60e641311388a78652377dea2af4299b5ba2d8a090241492201384a0e70b10222449ddaefccd500dfa1a9baedcb5a6010a526317e358f363dac7464a828a9dfab4aa2f72224bbf56ae89b9103d2f0aba25913d270a2489d4536bbe564f46c8055bd5b873fd6bba75a38c1b0e9457201d038b042965477c9ca7cf21e3e74e58e253c8fb003f752c679a89d008f73a78455ec5d81f33d45ff003a71a396207965fee208f5a09614fa8c8e5f41b5d7b76b428076169df8899f3fce912c325cc46ac917d51bfb0747696c3ad1546f4e448ee326478d16377c3ea2b2e3ae50431640d27a42a39aa33d237775688a32c8da5a744f756d819e645a146c00750cfc6a0258f0ea1a9dcbec2bb427ab468162c71bceac160bb46c0484e11199fe934cf05e3335eefc9cff00fc8a3ffaf17feefc3103d9b4d0fb6b8e39947e35e83225ba57d291e6949a8aaeaaff000c74fd99496a70cc0ed69e35e7a1a7c4b52bd2fa1e8b2ea33fe91bef5d7f201613fb43398c2af44922bb79b062707515f43cf69b53937a6e4fbf77e83069498440c52333a41115e3db8b9c947b1f415a69471c5cbba454e5eada14505064703a8a09e5d9d8d583c3bcd8deea0fb86d0b7d43f6250da824a164ce29c5390e187d6b4dae3e16609e371938fa3a2fb6dad0da5c52941010a28c4462048e433a6f95275b55df346386a20e5352e145d589af8be595d85450ea56a5c22024a489cc983c81f3a54e3923c4e346cc12c7377095d1ca2f3752080acf2c93f13fa14bf81ac19a7907411c73fc34154f82acb94cc8c8e43841f1d67da86cb145a4198d477469be8d3298138904e423c27f0a6260343bbaed1282dacca061c215392b3055ae7d5528e7908e79d034ce97b22a8b4a31294a0b4949eae53332674852888a4cd585d99d29bbb1052544c01caa7971ab62d5b14596d2dafa384e4e63c2641fddab0cc73a92c3b55b16b272375dd49082e29494a402a24e800124cd0ec5563a29b672fbdef5f9c29453219498481ab84693f667778f0aa51352f650aaf1b4861bd7aeaed1ff00c534565577666977eb83246439e7e7c4d451eec8e430b9de2429c53a5646b32467b8244007be6a2ea47d0b6d16255a0caca80dd27e1000f5a2ea0f4115f164699308449de544ff00c55f25dd8dfe4f36a11667825528428c182403de0e534ac909a7b90c84a3fb59d67695d42ec4a2dac286365523582ea4e63751c28cf993ab36b69d13dd5b21d0cb222d51025119f8d59458f760d5772c5cf8ead1a045ea4558209b4e9eaa7bfe068fc1dd6a3e463ffc855e96fde8ce2726da3a7ed55ffe75e8b2fee6bddff279785ed8bf7bfb21d3ae295675993929635dc155c4952d546bdc765394b453e7fd42cbb932f41e0bfe835d9cfc626ce1e8a29e58c5fbfecc39bb3745d1a5324281519dd00578e8e2db393f53e94f50b2c22aaa9092f26f13ce6e88023bab1ea67b19d9f0fc5bf15df7369b24a1d059c6b9247f5d684edc7ffaa387a855924bfdcc4f7b212b5bcd2c1536a78e8608584e5a6eceba39723c5863920f9e8713c3b4cb51aecb8b22f66dbf9aa33db517422ce96908044a4a8c92412604fbd608ea3266e66775e93169db58975ea73cbd910a3073c813ae9509d808ab20323a6a4faf1a808634c0547ecf3e38401ef9d55974536bb2823227bb77a6554a45d0b7e68714007f5dd46f22a26c0db3ddaa1d683035f1a0f32c8e0d1d6361d18ca739ca78193998ee91e22a6ee532b6f0d1d2cb453672099384cf91ad79dc672b898f4f17085499cf2eeb728aeed0400097b4df0e287c28b3b6e35ef473671a707eff00b977ca2ed461651636d5d652017237240109ef267f979d628f2a8ed61e12b31e87c242782040ef2049f23156d521e9db14aacaab538a714486d190fcb9fe7511189adeda3b293007af79ab04b6ea6141433ee2660738e3ce972907189a820a112a50d3747e39f95145952461ef8b4e25133e9471e592852e1a6a024d9d27626f25bb63710449680ed130521616904ce4011190d09a4bc772a8ff007ea4735b7da37fb2db78fda141368b3148d029b04a478492697faa941f3cafea31e954971c337ec907315ba3353568c12838ba65006746016bdd8355dcb007875688103526ac803b489ea0ef1ef57e14eb52be0cc9e3caf46fe2bee651f30c24f074ff004a6bd2e4fe67c8f290fe5fcdfd90dac984d9164a84e270c771ae2e5bfd5c7e28ec604bf412e79a7f603bbcc3de0afe835d7cff00ca7fdf7389a3b5962fe3f6637b63b84b23eb248f415e565fb99f40c0bd9f9232b79bc14f2ca7740ef8158f3ae559ddd0a6b1f0682e4bcffb920b64e368b69d37952b76fcaab3394526bfd2bee64d362865d5ed9f4b7f611daedeeb2b53a8702dc71d24a633054de790df5bb4b18ea22a192e92393af97e8b5539e04b9754077fdbed0a69936941494c8120890a033f3141970e2c6af13b4374fa9cd9a4d6654fee656f3bb9c74c21254380df48948d6a0da178b81e9fdd81c8d03c88b5858d6edd9c76734a523c7e0681e4191c0cd45876471c4cf8e74bdcd8e585234164d87693da89fd70aa6986a315d841b73752586c6102083a65240ca6af1ba62b3c78b47bf2777804b904e44263bc9d27901ebcab47731f63adbffe1cfdc3f1ad93e1f06387ede4e5f74ba12edde60986ed079cf48b397951659edfa99295c6cc7bcea9d52df58eb289c89d37019f0103c2b3478475dc683ac376addc30323f8007da8596917ed52d2d2032de491af33cc6faaba08c9d8ac4da8c2951cb43e54a949fa04a287cc585b4f648239c7c628a253485b7aa5310402371c407b9a304c9da1b13967dc67d69916468a288a68dff00c96db1b43cb438a486de429b706806448569098319e99d2f7353449413882daef2c0aea92983d571072c273075e07506b2cf15be0d70c9ea6e3647e52cb64356b055976fe9471fb5ef438a73c5cc795e80e5c50c9c3e1ff43a7595f43894adb50525424286841aea63c8b24772395971bc72dac21eec1a30005d1951140ca4d428cd5f2a73ab2491893fd595178657ea17c1fd8cbe349bd23f8afb8aed03fbbc1c8f4c7fa33f857a4c9ce4ff00f3f93c9c1ff07e7f82c60c59d7f7d7ea4572b2ff00f2a2be074f073a493f73fb055dccff007883f555fd06ba1a87fc06ff00bea73b46bff6145fbfec32b5b3d667924f3dc2bcbddb67bcc6aa2be065af4661f7381015e62b26a3aa3b7a1778d8d3e4fad890e25923aca52153bb20e0f853dc388cbfdabf272334bf8b25df77e0457cbab6edef2da4cad36a5408c5ff0047879d6ed3c2325b65d1a391a8c938cdca3cb4c6bd2bd7923a171ac185a52919112b49490648df988a4e4d363c78ded95bb1f83599726a2a51a5415b0a906cd04094a8a55de351e15859de874185a2ef4a8e4292e23acbacd76a46ea1da5ee1a34c46945b41dc58a41142d5049a66776c2e936861491da831faf2aaef6492b54613629bc2b6e48494a8a4933da984c81cc1a3c92492f789d3e2729be3a1d76ed75d362517ccb803809802402a00e5cab4e9e5278fdaea67f10c78e399ac7d293f9b5c9ce6eb54daeef0744b4ff00fb96eeb5a752bee70a52f6a0bdff00f26f9fb96cee769b4f9521533badb29b55810da084240cb772a5cdd07056732bfac4a5289e798cbd8d27784e029b2a1b1938472981ebba82dd938276c7ca0751d31c0a524798a7262da33f6bb69cf1107c3f3a24ec9b45ce3a93b95e311e428e8b055413a51ae0af90c2c38dbeb24c7100fb8a54da65a3e6d041298c88208e064fe7e751bee48aec30b258fa5b38330a41202b9a4c7b479521cb6657e8c7c56fc5ef46ebe46769941f5d89e3da9522772d3da48ef19f81ad58d2c73e3a3fbff7c7d0c79fdb8fbd7d8ecaef60d6b30813ba55940e455904cadb7b1a866d28e9b86ecc6fac50d4a83b8a34cf06f5b65ca2a56d2ddcaed304e64e690733a9d69ffe2593d5997fc3307fa11346d1dda0406881331877f9d03d6b72dcdbb0e3a0c6a3b545517a76a2ef9c58552444e1ce088f6a27ae938edb7452f0fc4a7bd455fa9e9da0bb95121596991ca93e7c0d2b1c9105db6ea592a2092626716ed28653c72ea8763cb9b1aa8b27773b75b4b0e372950d0f5ce93c7ef1f3a679d1a4844a12949c9f52e655770754f254438a515954abb4a4e13e951e7835b58b5a7a96e5d46166bd2c89c30e938662677f85029628bb431c66fa882ef4b4dda2d5d1a81696a43c23e8958295a7f9933fc42a96d7d0d709b6b90c17a304c05a67be285b4315960b48dc452fb8c47968bdda6862716122a5a44a15af6c50afdda1447d650c23d685cc8a21d75db0bfd6811c469549d8524e25365d994a2d0fae325942d3ba15064774807c68a58d37c95873385b5dcd429d614de0e990253061435233ad49c125c9cdc8e526dd7532f67d92b2b6e25ff9de253485252994006712b3df32aa3c9923354d989e8d49c5bbe18e02f78dff001a459d804bc1722827c85054636f462093131e15998d32d79be939a35de0ebe95698b9233d68bdd43aa53039447b56882b425a0055a711d00f29f5345b49656f207007c3e275a899608e114d48a6c821c322666a34527c8dfa61d731a91e1f5a90fb0c897ecbdb0042d2ad0a8fa8cbd8d56a23524fdc1609dc5a646cd6b29b4a1f6cf5da2160e938749f6ab95a85329453959fa803989a0a1f4803e79d6f8cb724ce5c9536815d1951800e6a10e22d2799ae51bcbd28e66ac87b8399a843d0df3350a2696cf135744096993c4d5d156c2dbb39e35740ee2f4d9cf1353695bc9f40789aad85ef1becce4ea924f6d240ef198f8d1c50709f205b4160502a096da54e8a524621cb2d696d2ee6cf8156cbddcfe2eb4e0260ee03b86b5163be42dd5c046d56ca3ce2ba8b0504692411e543b69857b8aee4d90548e9d6a5247d19906371de477d53e49546e92a0901200006400a25d4092e0ce6d65e56842ca5121b5213d683acaa615a6915325d99bccab8a325d22b88a551567c1c571a944b357b2578ad4d292e248c0484ab5052003037c89d29f1e81c1df52f7af9b3ab2e9120f03293e46a356313a03b414ac64411cb3a53431331b7fdc44f5db39d0d0328d990b7216325a7c75a38a403b42d284ee4f94fe14fe7bb06c63756cf3af99c5851312733e00553c8a21c31ef2fbf366d0c365497144a4a410a033c5a411e3550cae52aa1b9304630dd6671bed0196bbe9cfa598df0e8756d630b73bd7981cbc2917724fb0d4aa2216dc2824739f2ad2d6e42232db268bee6b4e17524e631099d209ce833c2e0c2c191ee3f5bb6006801a408ee8115a60a92f81864edb07774a3001cd421cad97aca4025587ef08f0ac13c328ba668591c9f05162bc6cceb81a485051302408f7a6cb49342ff00531f519ddf6469e5ad08d50ac2a91be913c6e3d47e272caae3d059fda166e93a3938a70e994cc6b4ff00d24eaccd3d4a4daee82de4a43dd1a1b52f300e1cca67791c28e7a7828292973e82306ab34f238ecb5ea87cddc806b952231b35ca6d75096aea49d083e347b00de102e8abda56e648dcfc8d5ec2f717d96e623ae930525244f7e67b80aa9e29d7b3d4661c91dd72e8116cb3a159ea3514bc91a74ce8619ee49a29bba028a07099e11ff34389dda19917463126003339503e832ad94b36923250c33e541ba8b7155c1f38f891df56b962e5d07f76996c41de479120fe15d1c7c451c9cbccd8b2fed9e65f049484ab72d2208fbc3e90eff3aa9e08e4f8811c9287c0c6da76656830ad3711a11c41ac33c528ba63d664c61606fe6f677277ab2ef2903e15696d8bb34e07bccfa6d4a4ac28b6562140c0048de0c1d74a98b91d92d1f592f569c5c065493f592929f3a938b448493193ecf2a4b1aa8497a58d2a490520f8544c92818e4ecd852f53ddf95354f811e5f23745d0f85843261b6d2982448c47581aa8d25c9366a8c6950936f9f32db0092a10a7328820426781cc98e62b460e139311aa77514651f3053c63f1cfca9d1e53334bf7234176b897210a3f47d6691254353e4436e60059cf32a207213a9efa7c25c089ae7e236d85d9d55a6ded3072138967eca4498f6f1a2935354bb8314f1bdcfb1fa994984453d7064608ee9445039a843f3a2d6a0309dc488a2ce9131b7ba83766ff00c6b7f7ff001a7cba3fefb1ce9f5f9fe4dcec37ef6da783a7d8d72f53d4ee7867f27e6602cd9dad3cdd1fd55d4ecbe1f838997ac9fbdfdce81b32e0178dabb902b9ba8e88ebf85fed93f78f2f4b42e50068a5612388acba393fd4c56ee3d3e475f5d8b1fe924f6f35d4ccdaae7b739d1b6863a2fda492956430900a9641c84199df15dd8e483b776794cb8f23a555f337564b1a5b4420ac9d0ac92a52b89126103baa9537d0b8e3d91a4dfc46b607e4602448dd33a50cd771b097600beed052081bf52758e028a11b60e4952624b8adfd205b6744e60f25188f3a4ebf4ffe743fc37576bcb7f22ee9c070800a70ef890788319d72e35748edab605fdb482a871d0100e4941c4a591a0094e71ca82b934ec9be8834de6eae148695d1e79ac8493dc913977c504ac170dae9be4fbe760ab2d0667be893a56265ed3a353b35689b2b6a1a2938ff009c957c6ba3897b11f81c9cd2f6e5f118073772a7508b2bb13c0129dd26a4e37c931bec6676b9810a0801264a880224f13e55cdd54db693ec7674789463715d4cfdc2f02bc2b041acf8e55234e485a344f30819c0f2ad13919e31e45f6950acd26698c455696c1aab0f694596c6049abb1747b67bf0258524343a72725fd103dfc2a94924d5720b5272b4f8f430969b994b52d6a9266493bc9df54b231728598db78297140f70f0d2ba18f98aa32cb89116df2950293bc1f5ab714d72158d59ba03a2524156b1399e3ad27ce7174d05e5a7d0e83f24882cbce5a1f414a7016d0b208d082bce2380d73a919c6134ef82b24253851d86cb7836eb654da82872e35b2138cb94cc1384a3c320e694c16506a167e79b781d2aa0c8c6a00f118a268f3bee4c6bf88d7bff00211b3395b5bfbe7d8d3a7d19ce93e86df613b56d3ff715ec6b97a9fdc773c37f91f3305768fef68ff507bd755f4f97e0e1e4eff1fc9bfd8fcedd6c3cd22b97a9ec767c2ff63f88d9dbbdfb4bad86a12942f12967448139c6f3c052b45051cbbe8d9e219a52c7b2eba1b64202004024f12752789ae94551c972bea67dfb6951581a272df2672a647a8a93e0a6ecb4e1701513e3977c0a6b5684c5d309da7270850d20fe3ed531752f3ded3277224f42f28ef5213e4147e228b54ed50bf0e8b4db60d706d31f9c39677a2531d1acfd2040942b9eb077e9dfc69a499e860d8e5560415e218113a98ceb3cacdd1cd3aea196ab521b1812ac4685217293625bc2d850d2d5bc2547d2a4b929708dd5c08c16465bfaa8427f95207c2bb108d248e16495b6c35eb4007c298a3c0973a6081d8273d4febd6a3444cf1e21608201cb589a4e5c4a71669c19de39a77c197b4a9a42e7104f09cbdeb8d2853e11e8d29b5c872ad6169052411c46951c982a14c5af3b4a6c72894950a8533c75e0126353954b16d02d92c53e34b6cba1a22e3c49881515f629a460f6bb611d24ad0927b867e55ab0e5940cb9312918a77675e00c02a23e8842cabd056c864def8465c90f2d72ca5ab1bc8eb169d411bf02a3c64514a3c73d0184d37c3e476d6d73c91d12c614c41041047304e62b33d325ca34acf7c1aff92dda6587d367996d7215267ac064a023233e15715e5cd3f50327b78dfb8ec4ee82ba2734a0d421f9f6d63f6a60658c98fe2a99b85c8d8abccebd49ecc676c6fef1f635ab2746721f446e3608e56dff00515ec6b95a9fdc77bc37f908c05d8bfef4823fcc07d6badd4e0e6749bfefa9d17e4facae396ab62824c63482ad1331a4f1e55ced463729523abe199a31c372f53a5d8ecc9690108f13bc93a934e841455207264736e4ca5e5c2a9c84b665c2b03bc89cfce8a3d45cdf011686f0b80ee30455a2d966d12ff649f13e9478bf70acefd8339777f83547f9c7ff00ac1a99cbd1f1fdfb8c5dfb648783a34565e29ff9f4ae56a634d33b7825bb81d5dd7a1c202893596cd4864d3a0e955658ceebba8bcb0143a80852b9c1c81ef3ec69da786f9fb919f553d98fdef835ce1c30915d648e1b6536b582920d1254c093b406e3c3c696df2322ad03fce143788e353705b414a9a749c592b383b8fe7587558ad6f89d7d0eaa4bf8737f0299090448ae5f2762bb94389384aca5584024aa0c003524d0ed95d5752a5921156da036d416d8751d64124050d246a2a4e12849c65d5010cd0c8ae2ecad0dc9ce8021bd8dad2a8a343624c53202a61e403bab4a46662b9c4a384003410370ae8e286d89c9cd3f3261c86b28f7134652a4806d9b2d667d243965697f7920791104778a9488a52ec65ee4f938163b722d0c13d1e614d2f3290a041285fd31a6473e66933c76e2d7663e197d969f537af1dd4f10526a88625df92e59cc3e89fba78cd67cdbe72b5ea7461970ae5a760f75fc95becbc977a768e124c75b81e55a5e793ea8e6cb4989ae24fe9ff639d9dd8ab459d3680a534ae954a50c24e58846722b3e68ef95c4d3a49f958b648cc587e4a2d88752b2b6080a930a54ff004d6e5a88df4397934b92516951d51e7030109021b3d4e4827b3dc9272ef238d5463bafd46ca5e5d2edd3e05aebd02868658b96ecf7d1a16c536c624cd144097608423a46c714fb542fb0b2fab44c0880911df4dc7d45e5e62659ab4e0091a9c6a24714911e72011dd4cc8fb08c49aa64af4b1f4e821b49c63ac94f129dc39c4d61cd8b741a47534fa8519adc20b12e72d0e8675eeae435476d1aabad140d8690fedb7d22cecf44807a75033910124e5327b51a089cc57734ba7d9057f13cf6b351e64dedf5a467ae4bd56cb8942d44b472ccce03b882741b88d37eead6929232654e2fdc6a9eb4ebe1cf70a19215176c056f6f9acccdd15d901baf15981d91ad072f843e9415bea08f3db87e854c8eb844c71bf69960b4c280e1142b82a7c8e6d4fa9db0bcda015af0ad290049389272f39a5674ae127da49ff526293db28aee9fd886c3ddea458434f20a152a94a8411d63073ae7ea6f26a27282bb7c7d0dfa797978a1bb8a05b45920e46798a464c4e0e99d2c7914e3b91261c2934ba0c7d615c8a645089b08b739098de7db7d6fd3e3b76ce7eab2ed8d2ee7d616b29e39d6da39c82fa48d2a5176471ab9d425b3c62d8a1dacf38aaa229163a41cc5408a6a10e30dda9cdce2ff00995f8d722d9d2a4129b6bbfe6b9fceafc6a72552f42fb3daed0a50421c754a510000b549274033ab5b9ba453515cb3a56cd6cfb8d42ed0fb8e2fea6351427bf3eb9f4f7ae861c3b7993b663c993770ba0e94a4ac2904031d550232208cbbc115ad5ae5199d4ad317e028ea1929fa0499390ec93bc8e3bc771a63f6b912bd9f67b7607b49206219c671c46f142826cf9042848cc1a2aa455d906061577d124558befcb3e522ae3d4a918f79ace6992022116670a4850398323c2961055f17425e26d0d085912a1942c8e5a85c79c713587538632e63d7ee74b49a971f665d3d7d3fe8b7678a002eba48422374952cf65206f3bf965359b4981ce775c2366b33ec86d5d59eb28368796b56400848d606e1fae75daba4705fee49762d55d881ae75512f2e46d5136f210320341572e82b0ae415f7272159a6ce9e28572cf2d8be89a9fa4acaaeb6c6d809bc93f70bd9546677667e0292b976cd12e3d94444e6a350095243bd9bbe16d7498309270f6b48c504e5bf3a1c89b5c0bc6d27c87de77c2dd24a8c01a01a00353ccc55a8a45db91f581b4a9a42d1f4c2573c71007da0770158327b4eceb635b16d0e62ed0733a52fcb41bc8d07b6528c80a251480b7207b4759727403daba182350395aa7796bd0359c8674628f1c700de05425838b7a010716fd672a80ee2d36e9192904f0919f8f1aaa0b71162d32787115089969aa0ce3c6ee752254da80e608ae451d2b3e6aceb51094a4924c0033249d0015126dd229b48e9db21b369b28e91d189e222750d83aa53cf89f0196bd2c3a7d8adf53165cdbb85d0d3d68122fbc125043c3e8e4b1c50753de35f3a6c29fb3fdd89c9717b97cfe058fa011c8d52b4cb924d08af0b46030ac81d0ebfa3c453546ccf29b8f0c16e8b464470ab6903090c6674a8904d9379bc68cfbaa3e185d5195b7dda42b2a26f8057054c5de4d03087374d9309856635aa4cb656f5de2082225c5ac47da598ff006847954c31d89fbec3cf95cdaf7248f5a404e28df03ca8a4c5635cb650b3260514419ab6516d770f5452f2cab83569b15f2caec4d49c474199a0c71be58ecf92bd9425be2d65d7d284c42462327219c03ef433f68382f2e35dcf8bb9009190de779e314b6fd064635cb2ab5390249cea92066d5701b741094623bcc531233846d1da7a2b338ade52a03bc8f89c23f8852b3bdb0376831efcbbbfd3cfcfb7f534fb3965e8d865bfa8da53fca902b0ae51b27fb98edb15685b20e363535718ee7416eda9cbd0545cc4a8e79f70ccfc3ceba5548e1b9393b0f5bda2139abdb99e142c2bec8b1bb18d56711f4f0a16cb51f522fddccafb4d24f7804f9eb5565ed42e776759065b94efd4a84f29cc1a85389f59ed031043992b49f69fd6550a4fd464a25262a0666afb78a9bc27397143cb4ac50829ba675f4f8d4e4d319ec55c858c6e3a120aa3a307b6919e22784e5ceb4e3c0a1ca31eae70ddb60cd3baac881bfca9e8c6d83ba93123b43d6afb82fa1e32f058839ee20fa8abaa06d3067ed01b1866481e834a2abe41bdaa8cfda1d0ff0051632518f0a99a4f1e37288b847ccc8a2d596de4da5971a6d0010a0beb0fb3102077d723c3f51296b2789bb5499d0d66050c0a554d3af917d99cce27f5dd5e81c59c7534c35b226275a092e07459e2ec9ca837074546c9c286cba218627bbdcd144a97a032d3bccc73f7a2b05a28750721bf5f3a07cb1915512b30da0acf70efa3bdaaca841ce54264ca95df59d5cd9d19358e148b2f0b4042700f1a6e47b56d4234f8dca5be4662c231bae2e32c5867eb60ca3ee83397126b3c9f63555bb1c2522a922a4c5768189449c80d28d0a93a41f615624b5130499f051fc28fb08ee11b409e91767635c6f241fbad438bf092d8fe1ae76b67cd2f87d4f43e198b6e9dcdf7e7e9d0dcd9a96844ba8737440329bc1c84d3f046e562b552db8abd44c97402e03f41227ef1957e15b19c8ecc6b71d970a312b35afaca3bf3d13e0296dd8d84690ccc50065653c2a10a09a8509af2b1625634c03a28c671a88a216c2d851c29c4648113c634f4aa4105d9ec886c02e1424c93895acab70d02784ccd4c5894571cb0b2e777574824a107b4811b9493919e7aa4d3edf67f21151eebe647a74a141b5a88c5d89d0f20ae3caa9f3ca2d349ed65c011ae9c6843e8036b46158237ebf8d1a7685495316bad2de5109d260a8ee1c071ac3aff0013c1a28adfcb7d12eaff00e10cc3a69e77ecf4f5189b0a1b6c903ad11275fcab8f3d764d569f7cf8bec8ed68f4b0c3916debea2d3ab2640c3d21279611359bc1f2463af7bbfd3ff01f8be39cf1b51f5412fa00214982956ba113c457b88be28f2528d3b2c6803c8f8febcaa9b19145e9cb7d298d4d9ef4bad0d069823e7398abe88aeaca2d08ec8e3faf8d4b29ae48ba0254ae3f0915683622bded189410270a67cc9a09db7468c35157dc11a770891a9f4a91f651724a72e7a0a6f0b41a5f2ddb35aa51a40f74ce1122353e66697ef01bbe1053ae9390a899749033e809054ae14c4bd44ca57c22eb85f8e841d09727b932af69a252a8f22963739ed5d47570598b96bc6a1fb96a483b9cb41e9543c12b48fe1ae264939e55f5faf43d7654b160697aed5f04b935e7ab4e395d43193356b905479175ecfe607123c86be82b7605c18b5f2f6947d119bbbadb8fa6fb4ea523c4a41f7a73eacc15c2374cf67f5e94b634b48154595b86a140eeaa2a1425bd2d6100ca8a5241cf8540595d82d389b49072881cc0df9d44c9ca1c39792ccc401c226b14f572ec7521a28776088bc8a4f65206fc223cd3a1abc7af775340e4f0e55707412bb436f0e894252b1d53f68671f6540663b8f0ae8c249add1672f241c5ec9a3db0d9d58421e5632924032670fd19e748cb99dfb26dd3e996dbc8176d6ce024678731c79feb950e3cefa32f2e963c50bb64a16d2e4930eac6bc0c4579dd42f333cdcf9e7f0752718e38c23054a867797eecd4e9842c1fcc4659d764a5237b6fff0040fc6b2f86abd649fb97dcd7aa4a2edfaafc9f746a6c9009c800781c86a2bdf4655c1e1b3a529b92eed8c19b6628992600d00f8d0c6118dd7c48e7295585851e13e22a705f2452acfbfe140c6226d2667767ec00f850ce2a4a9878e4e2ed15a900af2fa20799ce6ad2a5453e6562e79c4e250c3985113dc4e53dc4519424bcd601c92002649d4fe428252ae868c50bea02a709991acc1a4473ee6d235bc3b52622bded4108528ee04f7d5d84c2ae240e890924920449df4080b690c5f84093ba9a92429b72e0cddb6d456681bb0f6d0cae16fa54f47f48ad284f2e97251f046334392550a3468b1de6dfe88e99705dd812b59ed3ae2dc3dc54700f04c572f1ab6e4fbfdbb1d5d6e54dac6ba457f5effd432dcd654d918e2cb5230a79d1c577198e36ccbde768ebaf3c92851f48ae863548e26a67be72667f64d7d549e2fc1fe51f18a8ba489354e2bdc74e6539509448d510ad67c6a880ae9ab04cf5fcd624919c65a77e795406c50bb52a61b20253d5cf791a9f3f6a1b6b841ed4f966ac572da3ba8a96cceb41b465f05b676304ac6eca9f8ae284cd2935657685157ed1b5e635233f0229af95699517cd347965da36f01c4615212469e3cc52de455c7519e5734fa0ceef652d29486d18428f49c895eb87c41ca933d341cdbf517b9ce36fb705d695634e1d3383e348c989462a0bd4641ec7bbdc237ec819b4a12992025d39fdd49a56870471788382e951fb8ad5eae59b0ca6d73ff4576f2090a1bc57af92a3cdf53eb3aaaacada31697c4774d5269f46138ca3d5167cdca8643ba973c918be58ec58324d5c5705cd598a4759439f9d225ab8ae88d50d04fbb28b5e148252acc9efce2293fadaea8d3fe1b6b8667dfb3992a856b3884e79eb22b5c33c25d1987269b241bb88b2f0654a50423ac5442403c4e433ab9ba45e156cb6f2d97b434de33854233082491e0469dd59d648d9b363f898bb5581cb4aba168024f689984a64024c024f00002492001572928ab65c71cb24b6c57f7eff00437ad6c6adab215e4952731d2ab0a9494eb92494b73b81c47498d29329e4ab8a34e2c7a579230c9275ddae8bd3af54bbbe3dc25bed09710952028272202a310948c8c70322b5a6e514d9ce9454324a317693ebea656d09835540ee379f275744362d0b119ab04eff00a38bc0621fc469195f274b44aa0dfafd8df59c80238695994286e48b6ecf1e482470f7abdad951894db0c249df4c8ae520a52db16fd118eb6186dd56bd523cce75be28f3ad8a760105c207d474abc3065eb4b5d19a25cb4fdc74f062841213caa10ac9aa214ba77d582cc9ed3de101294280593a6b9467ef51ba45455b16b300007334213360855732cee969cc51340d94da1cc089d7ecef8e344b889756f810da8c9e91956635e3cd2a4fc0d47ee0e3e8c012fb6e1c24605f0dcafba7e0695d0b68d66cbbdd333d14c3ac98493bd0740796ee5029f0fe246bba334a4f04eeb86689b602539a712a64c6b3ca6992c0a93aba32bd44a4fad0bedaf30b51c4850730a9209104621069787c9fd42925ed3a032e39794f9e2849627d065240213a039d76b5509b87b1d4e768b262592b22e069602dc9c394f693f872ae3bcce5eccbaa3d0c704617282e1fd08dbf288e75ab46ee7230789f18a1f12c6ad6ac012375566c391cdb8f4269b558638d29f54016c5bea48e880278131a18ccd63cd8670e2ce969b3e3ca9b49a5ef28b430b4225d290ae09323d8565945aea6a8c93e842c6f6513fa22837504e36542c90e074484a085aa33d3403bc8adb8755369c65ca3065d1c1494a3c3b3476db67ec43a16942652a0a549ca6341bcce438c695591fb3bae83c50f6f6256fd0b5bb230d95bf6665a55a16990a2427118cbac01c13be07335a2338b4b9b324b1cd377c7b8e6ef5f8f5a1516c5a50ea54a0594abaa8214401139988ceb6e3826acc3972b4e97010f0184809709fb8a8f388a6b8f1c085939e4cbde96c4b64829048dd299f7ca87e25be7a1d6aed84b0d274842078e113eb5cf93b767a3c58f6a482d091541b6d17232ab16f917dfcfc3673fd4d3312b919758f6606fd783297babfbbafc22b75523849f209f24c8c9f59d02923c6093f0acdfe6a35bada8e889709dde7156c59e2d5fad684b2b39675080eeae8806ce7afb78ad2ea8827ad978651e74325ed0517ec20c0143b3a770aba2acdb3972ba3b0ea0f0c4923cca49f6ac4f03f53a8b55ee17becdadbd590b1c5b583e8a8343e54904b3c1813b6dc48515a16852750a49120ef07435524d2b632134dd2620b43a852b12170af23f9d00dbf516dbad0745a411c4647cb4f6a1a258fb61556971e4b8da0a9b49c2a71590c3962499cd46384e714dc7169d89cd3838d33a8850270ab5dc78fe75aa32ecce7ca36acaad167072524286ee23b8d329369f70394abb196b75c25a73a46a54999520f6a37e13f4bbb5ad6b3b945c5f0fd4c5fa7509a9ae577449bbd13a848ca791cb7655cfc9a3cab95c9d9c5e2381aa77109f9fa143300efe3593cc941fa3377970c8afaa3df9fb51a0157e7cbd595fa587a2fa1316f47d1a9becb58dae0c7ed05ed2a3c07afe559e5cb1f6a2842cde0eb8ea5289c4a3007c4f203da836d81e61bcb0292c1692bfda36e27ac78af5f23a47756ac6963af41395cb25d3e5199f94553e485416ecca2129402202c0904803298d34ca959bda974e0d5a6cbe563a54e5ddf7af400baf689e4c202cc0035339e94956ba0db525ca0ebdb543cd25ae9140e352932653001f2f6ae8e9b58b1c36cce46bb40f24f7c052b24e6fbaf38786613e09498add8f538f23a52fc1cdcba6cb8d5edfa722bbdd9484ca538473494fbd686a8cd1936741b3de32da140e45293e6915c79ba6d1eef4f08e48465ea82ec77c6e35519979747dd077f6962c9390a3dc67fd36dea2cbedd9488fac2b469b991cbf174d605f1fc3155ea4a9908024a8c0cf7d6c93a479e8aba08b05dd66690943ae84b7b9217d1a54adeb51905649f0a528bae06b92ee682c567690074454949fb45493e266a889a0dc646be7bbf2a10ac8a962a11b00b6bf8524ce826890a6cc758f32a39e724f8e7e143dc3ec326dc4819c4f8fc2a30a8d90da6b29c92f059fb2317b573a5aec4bbbfa1d28e8f23ecbea5eddb90e68857888ab86a94fa152d3b87532db596c71b504a55852aca206bde451b9c9ba0634206ee70415a94927589924d56c7e85bcbd875705bece8045a1293c028257f8d3238fd45ca4fb0f5ddb1b236901331a0094c01ed14e505ea2653611776d132f8ed467e293b8ccd49634d70486469f26816f809055fae741be972336df417bd6841e3e143e717e48a6db66654649524f1cb3efcb3a64358e1c0bc9a48cf9ee2a7eeb132d3e91c94207989a4e7963caf774668d34b2e05b7ac41d7773bf53173419f4067d2b26c68e8c7510977fa81b9677c83803996bd4323cf53478f139ba40e7d4c3146fec2c718713316479477a94827c80d2ba10d3e28aa7c9c6c9abcd376b847d7310dbd8d4c3a8c9409536a0062df311c6b2e4d3ed771e51b706af7aa970c63f380126ce5608ed346731bf083cb51ff159dbe28df15cee3dbd6f3e9ac8b64b4b71f5e49094939f692be00089f08a1dd6aab90dc29eebe047716cbda560a9490d9048097242891ae506073df55b6c9e6288e6cb75b8a0a42c615a3300e41533a1d0f7d53832dcd3427bcacea092302a731d92682360b68c55e16a524c10a1c2411e15d3d3e77fb6473353a757be268b64afa53890ca52a561482929492209329303220fa7750e75ed5a3b3e15ab8c712c73755d2cd20b3bc4e4d39fc8afc2b3ec97a1d8fd6605d671faa19d8ec6f9ff00a6a1df97bd32309fa19b2ebb4895b9afb875a6e3716075d208339cd6bc30941db3cef88ebb16a71ec826b9bb3c66e5852145492112608d4e833e15a252b38c92412b87a41421407556dad20a81e47daab825b60cdddbd1c9b328a46f6ce69ee1c2aefd41aee8b59b59d4083f491bbf849d0f2d28689b8bfa60448fd72238d517621bfad7d5c1989cbc2aca5d4441cc22009f7a119d48aca8fe7545d9b2b1d99d1dbb523b9a44ff004815c0f6177fa72775297a7d780c2ca74e96d13c9783d093ed4d8ea14784afe885cb4f7cbfc8b957784139a959eab3895e66ba905714d9cd93a934806f0712d8eb24106455d17665035685a8866cee2f339842943cc08aab27233b16c9de2e118d9c2999eba909f4926af715468ecbb19680335207219fe1576cbb34374d8ed4d0c2b38d3bb3cc72cea70fa94efb13b734ec75580a3f692d9ffc9342e30f42b74d74105a6db6f41caea0b1c50e06fd02cd038c3d184b26416da36b94dff89ba2d8d8e2952563cc81ef40e18c35967dca1bdbbbb15da16c60f36f147f21555ac71ed2279adf61a5876ceef5648bcd3dcf2148f55014c509ae5302e2faa1db443c25979b707169c4ac794823d6896492ea81d917d1815b9828edb8b13c10afc68fcd44585be058365c3abc6a30919e80126752248159722537691d0c5bb1aa6cd2ddf74b6d0cb356f51d7bb90aa8e34b90a79a4f80dc00516d15b892024eb5748ab64ea50254f948198068a31dce819cf6ab024b800ea809ee007b56a514ba18a536fa9f74f44059e17aa8b205d27f5c2a3215973207c2a22994747271a7b69ea9fb401d0d55909fce06b983fad6ac16c12d8d63048dfe60d405ab17dd77962c4857ef1320f38f8d5593a09ad369c4e1df190f3cea770ab826a29d75f08f4a84408a31a09a945d9d0fa0004ac848e727f23e55e7238db3d0bc891243ec2755a8f24a4fc045688e182eb2fa0996697689176df67990cbcbfe548f550adb1cd18adaacc92c4e4ed957f6d81d8b01e44ad907fa89a8f3af42794c97ff00267f75932ff59155e7fa227941b65bfd67f78c291e208f349353cf7e85f94bd475657d2e0949f0a7426a5d05ca0d1761a204a5fb6348c96e2107829401f226a9b4ba96a2df447ad5a5b57656957dd20fb552927d196e2d75448c68479d5d0229b46cc58dc5625d9db513cb2f2195079712705f67b82c88ec59984f7368fc2af647d0bb0f6da4a7b2948ee007b512491448c5597608edded133184f1498f4d3d281c10c5964811cbbdc19a5c0ae4441f3155b597e627d416d48740cd07bc663d2a9d8716bd448bbe5085605ac24f0518f7a0be686ede2c68d5ae448322aec0a236bb4642b461f5326a5f4405f38ca9e65b3c0fc55944ba6cfc7e1545a3de933150b20b7328aa28b2cce64543f887c6a99678e2428113dd52ca68083c46b9ee3f8d5d8b321b4368e8ad885a74700263424653e514bc8ea98ec71524d1ea409913124893b8f2f1a240b54e996170465aea7f3ab21e0b49de2ac946bac8cbdd1a3a6731b984635408c51d680320274ae438abe0ea6e7dcbc30ae3e9536b26e26960fd63e9f8516d2acf4d915fe62fc30ff00eb536937152ac2a3ff005de1ddd1ff00e95299767add95c4e9685ab92d2923cd2126a7250c2c9695208262791907e22ae32717646ad1edf37ea9d4f47655a67e9aa7b27eae59fb77d4cb9dbf660c2c78b6f3246257b1ea52cb8e5a1e2a3b9012d8f40547c49acfca5d3f236efb86337094761f7927ed42bdd33eb41c85636b1de56c677a5f4f7c2bc8fe34e8669c7de2e58e12ea87562da965470b814d2b82865e75a61a88bebc089606ba723a6d614252a0a1c419ad09a7ca10d35d4f4d428faa10fb09a8594da2d4db79b8e213de40f7a64314e7fb5362f266c78ff7c92f98aed3b5d64468e159fb209f5d2b5c3c37512ff2d7c4c593c5b4d0ff0035fc1086f5db469c187e6a9713ff00770a87f2c1ad51f056ff007cbe88c53f1e4bf970fabfc232cab76154b28430988c0d0c08d75c1300f3115b71784e9e1d55fc4c597c6b5793a4abe045578ba755a8f8d69fd1e0aad88c6f5ba96edcdfd4b5abddc1bc1ef14a9787e07d157cc6c7c4b511ef7f10817e2bea8a44bc321da4c7af16cbde28b9abf123549f0a4cbc2e5da43e3e311ff347fa97377d379768787e14a9787665d298f8f8b607d6d7c890bcd0ac92733a6475f2a44f479a0ada1f0f10c137b53e7e0cbba62935919b50421ff08a85314dbad424a49ed48f1232ab04cb1703d8319ebb4540f8eef314b7cf1e83d7b3caee16a5e5acf3a60abe4a5368ff009a85b4158316647c6acab35816789ae41d32f694689145d356ca26935411349ab442693508516f30dac8cbaa7da85f40a3d4e7df27ee1f9dbc24c61465396fa4fa1a25d1fc4e9068c412555b2d153832a5bea5a287d014938803de26a98427b9de525f84a94913a0240f214cc2fda2a6bd93a5b46409ae8980f9c3955a28c16d85b1c0400e2c0e01440f7aeff87e38356d2fa1e67c573648c92527f53253399ccd75974389dc8d110f8d42c89a843ca811345405934d400f6a885f61402b00807beb3ea5b506d1ab49152ca9346e2c4c2529185291dc00f6af0babcd92591a949bf99f42d261c70c69c6297c1212db3f78aefadd8ff6231cff007b20a399a342646736934079d0e4e81e1ea23bb47597cd66863fb98c9fed433b56ea6886033d6aa0c35a5123324d1204ffd9),
(2, 'ferintaylor@gmail.com', 'john', 'admin123', 0xffd8ffe000104a46494600010100000100010000ffdb0084000906070d100f100e0f0f0d0e100e0d0d0f0f0d100d0f0f0e0f0d1511161615151515181e2820181a251e151521312125292b2e2e2e171f3338332d37282d2e2b010a0a0a0e0d0e1810101a2d1f1f1f2d2b2d2d2b2d2e2b2d2d2d2d2b2d2d2d2d2d2e2d2d2b2b2d2d2d2d2d2d2d2d2d2d2d2d2b2d2d2d2d2d2d2d2d2d2d2d2d2d2dffc000110800b7011303012200021101031101ffc4001c0000020301010101000000000000000000020300010405060708ffc4003d10000201020403060403060407000000000102000311041221310541510613226171813291a1b142c1f0071415235272243362f1828392b2c2d1e1ffc400190101010003010000000000000000000000000102030405ffc400261101010002020104020105000000000000000102110321120431415122323313234261a1ffda000c03010002110311003f00f990842088426c6b14b9508422012c482101020108090086040a021859616302ca810b0c2c20b080802161858404202100161658404b0200da5da15a5da00da4b43b4bb400b4968571d609a8a2f73b5a4d9aa9695694b5d49b5f5bda3058edac6d6cb0bb4a2b1b6956950a2b04ac71104ac04158056682b04ac0cc562cacd2562d96159c882447b2c5910156921da548aca210822108510862088621160430250118a2040218596a21812a20586165810c0845058404202101028096042025810810215a1012ed002d2ed0ad2ed006d3263b16a9a5f5d4fb45f11c695baaefd7909c0a950b5c8277d49986597c46dc30f9add5b8a59afbefea267a989b9df53a8dc822642a4ecb7b6e4e61f5bc3a78666d06b6d6c7c43e735b71bdfbdefae9f881be9e6269c36348d469a9bf42673ead0a9facdf48a50ea75d6fbdc423d5e1f882368743f49ae7904c4e5b12330db7d6dd26fc2635ad70c400412a773e56fd6f3399fdb5de39f0efda5110a9b86008e62f2ed3634964402b1c44a220672b0196692b16cb0acccb16cb34b2c532c0cf6971996485730421044359190d61a882a23144209446a882a23544a82510c09144628844021812010c08140420210108084081082c30b2c08016976876976801699788565443736bedbcdb69c8e322e40e82fe531caea33c26eb9787c3bd7708a1aa331b2a813de70dfd9eb1406a385246a00d04dfd83e08b4698aac0779575bf45e404f6c8d396e4eec70e9e06afece4fe1a82c3a83afca330dd8123e261e827bf431a0476cb53e9f30e21d89a9f86c7d04e6e27b115f283975b6827d7de9c5baf946e9e38d7c3ea764712b7b21f70759c7c6e06ad16f1211cf51b9f79fa0d957981383c7f8351ae855940241b301a86eb1e758de39f0f93f05c693fcb61af23ca772d38189c33d0a8e8da3d363af517b833b581aa5d2e6d7e73a30ae3e5c75d99694446958244d8d45110488e22095819d9629966a658a65819b2cb8ccb242b86231602c62c8c86b18b056314406208e5114823d04a8351180415118a2116a2300914430b08a02185960430200810808404bb401b49687692d002d3978c5cf884a63aade75ed39d413fc5393c82dbe935f27eadbc33793e93842022db60009be9d4f313958524535bc3fe2b86a6723d5456fe92466f79c51e975a7769bc7ad59ccc1e368d4f86a213e4419b801c889b231b0e67102a3de010629dadce5b5240bccd5843ad89503711095038b837b7de6bacdf3dedf6114555a961e21663395c0fe06f269e8bb6aa595948f8751af4ded3cff00014fe5b13cdcfda7470b8f9dd0b412236d2ad3a1c855a5111844a22025845b2c7910089467cb2469592079b58c582a23144c598d635445a88d58431047a08a411c825431446a880a239442094462894a231440804302402181006d2ed0c0976801697685692d006d3cff0018e20f86aa2a2e401eaa2b3b2170ab977b022f3d252404f89822ea59cecaa05c93393da2e1350e2e9d3041a6f4def7b1cdb8d7e626be4b3dab7f0e195fca2b03c4b8ae257bc7c4ad1a44b052941016a76d1bc5f08371e7bce3710c5d1472a2bd4acd7d4f7340f8bd72ceaf0c566e1d86a14c59996a17dc6bde30b189c1766916a536a8e410cdde8c88e190f201bef34cd6fe9d165f1ebb73309c6aad37f03643d183a127d41207ca7a5c27ed15a910988a7514d81ef29baba91d7919a78ff0ea18aa97a4a14e5dc2e5b1039daf3ce53ecb1c46393059c8b516a8cc35caa580d7aedf512dd559e7274f4353f69d4d9b2d3a7897b9cab969adddb900335e0714e3f8e22ec061efb0ab89a74dbe4a1be5a4e5711ecd1e178fc29a6e6a25515d5188ca454eec8b1f5b898719c3b155ea976a7ae6002b136c80f5e526a6fa5b967abbff008da98ac6bdd971786245fc26bd4249f50b36e1bb4fc430ca2a57c3174b5cd5a753751d548d7d63b15d9ec28a34545dabaad9aa2232ddf7e7b89e8384e1c54a1dd55ca4aa901adc84996a18cb66fd9c0e23da8c1e2d42f775e855750cab5a9650ea45c15604e87489e1496a43cd98cf2f85e1cf4e8e1eb9ef19712ae141be5a56abc8742146be73dc61704e29660b755f888d86b36e124ae7e5f2b3d8ab4ab465a511373981694443b4a2202888044711048809cb2a36d24a3caac6a88b58d5131663511aa20288c51086247a45288e4950d411c822d04720843144601290460102010c09144302115692d0ed25a005a4b43b496854a7473de9ff005a3afcd4cdbc368d27aa88ac2a361f0e69b1d74bb0b5c9dce8667c29b3a1e8ebf79dde1f834a78872aa07781fe962bff0097ca73734ee3bbd35fedd9f55e4b0aab4711530cd64bd6a952833582d4a7518b10be6ac585ba58cf494f0aa40cc013e93171fc28b9055181dd5d43291e60ce4360f4b2a641b5a9e2311497e48c04d3eee992eba7a0e218ac2e169e7aa403f8298b1a951f92a2ee4ce6760f0f51aad6c6d6196ae25c1cb7bf7744688bfaf29ce4e1a3312d9469666009729d0bb5d88f2bcec50e378646ee693ff3142b1a6458b25b465ea34992cc7becdfda1602a56a41a96b5683ad7a3e6e9adbdc5fe93270ac4d0c4525ab4c6fa321d1a9b8dd5ba10676ebf15c3540ab56ad3a551ffca424067237b0ded38f8de074ddbbea45e8d561e27a2fdd97b69e21f0b7b8326d7c7be9ae850cce0b0f0adc81e7078f54eea83942aaf507734afceb54f027d48f60662a787c5ae8d8cc5aff00c8c19d3d7bb9af0b824ccb51ea57c454427235522ca4e975450141b697b5f53312ca6f13e0c828e128d3165a75a8d25feccb975f95e22aa3a570885d70f4f0b880576151ed6b9ea35169dee3b44fee6bbdcb661636232ab36fcb69c1c35576c18a8f7bbb94527fa7426de5a4ce4b728d7b98e195ff004c0441223089444ed7925112ad1844a2202889444611048852ad243b4928f26b18b01631662c8c58d58b58d58431639229639250e48f411291f4e10e4118041411ca2111446012d4430200659796302c2cb013964cb1a5656580286c41e841f94eaff13cd5a99d00bdcf84e63d05f96e67332cb02daf4d66bcf0f26de3e5b86e7dbafda5a43287039ce1a3f213b1c46b66a450ebb107a8b749e531989eed6fa81bdedf49c9676f4b0cf51dba7528aab6a198dc1e7e53cf57c0d8e75b808746241603cbcb599f09c51d8e94ab31be80536d47ada7770b5b10c2c704ccbcc11e23e7bcce4d2cde4e677ef52cc69d339490ae5416520ee0f233d2709c4a9a6149370773bde64ef42123f746404ed94defce65c5e3a9d21a065371e1cac187b5a4b17bc5ea102b69cf947e0f0377006c0eb38bc331970194dc5b4fd7ce7a1c0d720597e26dcfebd66127699e7d15da66460940960b6b9ca370187dec44e471a716a68340016cbc82ecba72d89f785c5abb77ef63f0e54f2d06bf5bce7b924924924ee4ef3a70e3bbf2ae2e5e69e1e109b41223489444dee426d2ad18441803680cb1b694c2022d2e1da540f1eb18b16b1ab2333163562d635610c58e48a58e4950e48fa71091f4e06948e511491cb086288c020a468102288c0b2808c512059583963cacacb013961058d09082402aae3bb1617200074e605b5f69e62b3824a30d335fd27a2c453394d85c7e21e5d7e57fd09e731548825afcf7de73658eabbb8b3de2db56e00296b0e5e5e9327f17c5d2272d85c8dc0224c2d43f8b91df422dbcebbfeee173909e7a03b4c3d9d1e5b9d0303c42bd5d59299bf3b6b355554d735b51a8b5e295e9af89401717db7f61b4e7d4acec7d4e9d358d5ab73d474304141b2f5bfb749dfa1540bb9d1541be87f5fef3cee15187e5bceb39bd1d3401c28d7e23a927ed2cc7bd34e796a5ae7bdc924ee4927d498056682b00acec79c4110488e2b008842488168d2201100251864413002d242b490af14b1ab16b18b0ccd58d58a58d58435635629631610f4334539950cd14cc0d691e933d39a1210f48e58948e480d511c8b06989a29ac880c92b24d39201585282420b0808404088bafd3e73c9e3459ca8db31b0d86bd3a7bcedf18e2eb4299716240bdf94985e0bfbc62b31bf72b95dba393aaa8fcfff00b35734b2cb5d3e9fb960fb3dd9915d055aa5d5587815464397a9bf23c84e954ec660efe27c41d76ef6c3ed3bd57194a92e5b819549d3a013c871bed438745c3277d9b306d6c4303345aebc66fa68c5f64a95bc188ae9606ca7bb75fb027e739cdc1b1148313ddba81f12124951cf291a7b132abf17c684ef5d72052ab946bf11b5c9f94d14f89d52972dab29bfa1112b2cb193dd9f0aa5ed705574bff530fca766aa8ee96c2de31616b0b01ca712962096b7db9731276cf1f5b0d85c3b523626b956d8e9909fca658779468e49f856f2b00887860c68d2a8dbbd3049ff005739184eb79e4b08b611c44061010c20111c44022028880447308a6801249240f12b1ab12a6314c361cb1ab12a635610e58c58a58d5843563e9999d63a9981b10cd34ccc94ccd14cc235a472199d0c729846aa466da339f4ccd949a456bb4532cb5796602a1b2e5a6d539006d2e9522cc147bf908ce39a61dc2ec05bde6ce3c7752bc754c054c605a69a9740ab9be141cdccfa1e030c28d24a4a4b64455cc7762001736e73ccf65fe16b6eb4c0f316617fca775ab915145f4ca01f53acd1eab2fcf4edf4d8cf1dab1bc2fbccf9aa65cea56ea3500f4bccd80e0185a0058b123378ddeeda9b9dac275e95443717d46969871786a2dab86ffad80fa19cae9d9adc3f0ae853c2cad6ccb9ae0d8de794ed2e0c615d729cb4ea0396e6f661b804fa8f9cec3f0fc16e2ea7aabb5fef32f6af859c5e01e9a3677a43bda4e49cc1d01f093e62e3dc442bc8ff0019a348dfbc0c77b017d673b1dc5abe3eb50a0012a2aae54035b7e263ed79e6699e7f59f47fd9ff0067f22fef75810f505a9a116cb4fa9f5fc84e8e2e3de4e6e5e4d62f6c981ff0c179adb2fa8138cd3ba6b5940f79c8c6b0cdb017b927acebcb0b7b70ed98c0686f6eb7102d7db59abc6aecb22018c68b3001a25a358c4b180064944c903c4298d5310a6354c8d87298d53100c629951a14c6a9885318a611a16350ccea6354c0d74da694698a9b4d08d08d88d1e8d31a34d985a0efb0b0fea3b449b43d1a6ba249db592860d41f15d88d6df0afcf79a8a8161d48d0682d364e2b7dd3614a6dd2deba46a01d6fe4041200ff00dea4da129e7a69b19b271489e4d4ad941b5813f689c637f288eb6f9de0879e0f8f76baa363a8e1f0c6f4695745aec05fbd25b2b0fed009f799751676f59c16895ab5535d698ffbc4e83d5f131e862b859f19bef90d8ffa732ec65d423c5e6ec7e53cff0057fc8eff004bfa3460dc83eb7266ea3595c036e73835315607969bc7f0dc49f33d673edd0ed5444035d044e551b11f39e7fb73c69e86187768d9ab134c54d0a28235bf9f94f15c1fb41896aca2b354a8796502c3d409757dd27d187b3289c47114d815c3619d6a5bfa95943a203d35d7c96767b13da6efdaa61aa9f1877a946f6d68937c9eabf6f49af8e57ef9fb95ba97a14cd7aa2d755d572ff7103da7ceb1b87ab83aab88a371ddd6fe513adc82743d4117f69e9f163e384bf6f3b96f96765f87d92a35e7371e2e5771a917f685c1b8953c5514ae9a061e25e68e3e253e91b8b5b94fee3f2b19ba39eb259b616f331a9e1171cc816e525670a7ce132801079de65ae904483b83ee2f14f8743cf2fcff0039a6f105eed61f87e26e9e43ce63709577591f04df84a9f2bd8cc359594d981047233b95360395e29d01f0b0b83a6bae9e4794d7970fd2cc9c2bc93acdc269df4671e44ac9357f4f265b8f98a98d5324935b698a6314cb9254314c6a9952421aa6314c924072347a3492423d2f0fc02a206750cecaac01d5541da692e0dc0160797469724ebc249235e554d574527f10d3c9a15473607a32dfed2493362667de0ae834fd5f59248aaf1bdb7ed2bd30709409572bfcda9620aa91f0af99eb3c5603015090ca72dac4106c4112a49ab5bbdb67b47d3fb1dc4daaa32d4ff329285240f0b2dc107cba7b4eb625ecbe769249e7faafe477fa7fd1ccab5b909d6e15b0d2d24934375737f68683f7641d2ba1b7fc0d3cb76630ca6a5f9e692499ff008a63eef4b5698b92058bb0b9eba6930f10e1a957bb56d9017b7576b807d829f9c924f6b19d69e3dbded830acfc3abdcf8b0f58815179a9d8301d473ea3da7b4c45755018ebe1247aca924b07370e0b9cc7a833a15be203901f592496a1589ad95491b9d07a9814865017aee7a9e665c9009df5f2020a917124920da84585dac7a58c92493064ffd9);
INSERT INTO `user` (`userid`, `emailaddress`, `name`, `password`, `profilepicture`) VALUES
(3, 'ferintaylor@gmail.com', 'basil', 'admin123', 0xffd8ffe000104a46494600010100000100010000ffdb008400090607121312151213131516151718181919171818151f181a181d151817171818171a282920181d261b161721322125292b2e2e2e171f3339332d37282d2e2b010a0a0a0e0d0e1b10101a2d2620262d2f2d2d2f2d2d2d2d2d2b2d2d2d2d2d2f2f2d2e2d2d2f2d2d2d2d2d2d2d2d2d2d2d2d2d2d2d2d2d2d2d2d2d2d2d2d2d2d2dffc000110800c2010303011100021101031101ffc4001c0001000203010101000000000000000000000607030405010208ffc40053100002010201060a05090503080b010000010203001104050607122131131522415153617192d132728191b21433344282a1b1c1d217235254931662a224437383b3c2d3e12545556374a3c3e2e3f0f144ffc4001a010100030101010000000000000000000000010203040506ffc4004111000201020302080b070305010100000000010203110421311271051332415191a1d1141522335253618192b1e106164262a2c1f02354e2436382d2f17224ffda000c03010002110311003f00b7f26e021e063fdd47e827d45fe11d9406cf17c3d547e05f2a01c5f0f551f817ca80717c3d547e05f2a01c5f0f551f817ca80717c3d547e05f2a01c5f0f551f817ca80717c3d547e05f2a01c5f0f551f817ca80717c3d547e05f2a01c5f0f551f817ca80717c3d547e05f2a01c5f0f551f817ca80717c3d547e05f2a01c5f0f551f817ca80717c3d547e05f2a01c5f0f551f817ca80717c3d547e05f2a01c5f0f551f817ca80717c3d547e05f2a01c5f0f551f817ca80717c3d547e05f2a01c5f0f551f817ca80717c3d547e05f2a01c5f0f551f817ca80717c3d547e05f2a01c5f0f551f817ca80717c3d547e05f2a01c5f0f551f817ca80717c3d547e05f2a01c5f0f551f817ca80717c3d547e05f2a02179c3838c621ed1a7d5faabfc0b404d3267ccc5ea27c2280d9a0140280500a0140280500a0140280500a0140280500a0140280500a0140280500a0140280500a014028084671fd21fecfc0b404bb267ccc5ea27c2280d9a0140280500a0140280500a0140280500a0140280500a0140280500a0140280500a0140280500a014028084671fd21fecfc0b404bb267ccc5ea27c2280d9a0140280500a0140280500a02279cda40c260e4e02cf34dcf1c4012bb2fcb62405d9cdbf6eea035f22e92f073cc30f20930f2b58289400ac4ee0ae09173b85ed7e6bd0134a0140280500a03c76b027a36d01058f4b193d85c0c4116b9fdcb6c1db6dd407b1e95b27b5ec3106dbed136cefe8a03bd9af9d786c7ab361d9b90daa430b1bd81bdba368db4077280500a022f9d39f785c13889b5e598dbf75100585f7162480bb36efbdb6da80d0c95a4fc1c9288651261ddadaa650ba8c4ee1aea481edb0a026e0d00a0140280500a02119c7f487fb3f02d012ec99f3317a89f08a036680500a0140280500a014071f3c32b9c260e7c40b6b2a722fbb5d8854b8e71ac45014be8bf250c562f5e5bb6f76277b126fb4f3eddb404ab4df9bf10c2c5888d02b472053616bab03fef28a036f32b4870a64f57c648c0a308cb047724daeb7d406c6dce79e80ecae93726985e6e19b55582d8a3076622e02a9da760dfb873d01d1cd6cf2c2e3f5842cc1d77a3801add3b0904771a033672e74e1b04178663ace6c91a0d691b9b62f30bf39b0a03532067ce0f1529814bc730dbc1caa1588e7d520953dc0de8091ccb75207383f850153e42cc9f9364dc534ea1a55824b1de358446e47b771a0239a1ec224b8a612286054ec3404ff34736b8bf198c7365c3b1322313b152c090c4ec163ac3b80a0361f4a3801ac409da353632ac7c807da4311dcb404b325653871312cd048b246db987e046f07b0ed14061ce1ca430d869b116bf068cc074b5b923da6c3db40515a3ec01c6e3b5e625cb31772779db737ef3404e74d19bb09c00991155a175da06f563a854fb4a9f65018b4779fb126009c5c8d684aa6b6abb9b1f46e1413d973d1404870fa4dc98f1c9270c42c7ab7d64704962c142291763c93dd406e66be7ce0f1ccc91165702fa9200091d2b6241f7df6d01bd9c99c986c146249dc8d636555059dcf42a8dfdfb85c501ccc8d9fd83c44c30f792298fa292a852db2f652095bdb9af7df404aa8084671fd21fecfc0b404bb267ccc5ea27c2280d9a0140280500a014028050109d3083c5925bf8e3bf76b8fced404474176d790ff745012cd3211c58f7eb23b78bcaf40571985006c1650522e3e4eedf6825c1f781407c68a324262b10e24ddaa6fddd1d94060ccf3f27cb2d1c7b156692303fba1c8b7dc280c59e1950cd95a591f599525312a8dfab1314b01de18fda340338b137c7a62b0f04b12a88b5432807594589e493b08b73d01fa13264e5e2473bd941fba80d2ceffa062fff000f37fb36a029ed08fd2cfaa68098e9cb28b47824894db859006ed5505ade2d5f7501c9d1c6428a5c9d892ea18b248a2fcdc93bbdb4072342195da39db0e49d4936db9830e71de2deea02c8d2a29392f136ff00bb3ec13c64fdd7a02bdd07d8e21bb13f3340581a58238af117e98bfdbc740565a2ac38718a46175681ae398f25a80e6e8bf26ae271603eeb1f7767477d01f7044309971a38aeaa939503b0f3501f7a4cca4d2e557d6b9488a468a3b02b35874972c7ddd1406b6774e24c4c33e1e09a258e28d794a01322bbb6b0d527658aeddfb0d017fe6f628cb868a46de545fbe808ce71fd21fecfc0b404bb267ccc5ea27c2280d9a0140280500a0140280501ccce5c94315859b0e767088403d0dbd4fb1803eca029bd13e30e0f283e1711fbb7375b36c1ac0ee079ee368e9a03bfa6ecba8c9160a360ce5b8490020ea800aa86e827589b7f77b680c59ab93461f2463269084e161915758dafc820017de4f4501cad07baae21f5881c827691b86f340713224abc72efac354e264b1b8b1bc8d620f6d01f79ed82383caeeeea7837938506db0abb6b35bb98b0ff00f680b47179d1939628cc0219e572a16342b71b46b34845f8355172491cd6df404cf0922b22b28b291b3ba80e467be2a34c0e275dd575a19554120162508000e73723df40545a1791571966600b29b5c8173d03a4d0139d3664979b0024404981f5c81bf5082ac7d9b0f7034071b47196238f23e2a4660383592fdfaa4281da49000ed14047343d93d9b181edb16e4d0178e58c02e2209606f4644653d9716bfb37d0146e8e666c9f950e1b13c82494b9d809bf2482799b98fe7404c34d797a31874c1a3032c8c19941beac6b720b745db56dd3aa680d3d1ae4c1060f11899484568d802c6c2daa7a6808d685c85c68b900956b027a37d01a794e6439724903294f947a5716e8dfbb7d019f4a3807c3e5333952639752453cde8a871df7527b9850163b67564e185578b819a66501215235cbdb738da500de588d801dfba809a64e995e35641652360f2a02239c7f487fb3f02d012ec99f3317a89f08a036680f0b545c1f3af4b81c2545c0d7a5c1e197b29b44d8f979edcd5659956c2cf7e6a9b0b9e99bb2a05c8ee72e676171dca750241f586fee3409dce464bd17616370cdcab1bd80b5fbe8492acaf9060c442217452abb56ea0ea9b1175bee36245fb6808fe4dd1b61217d75bed05482058ab0b3291ce08e6a0314ba2fc117d7b106f7160001637161407732f66bc38a844728d62a392c7783df40566321364fc46a9c134c594b8e0e524328201ff37736245c5b65c1ae69d69c5db62fb9fd0f730bc1786c452e33c21473b3da8daced7f4ad9d9dba4ecb695d9392703aa46cb194823d9a9b2b078eb3b38f6fd0f521f6514d6d46ba6bd91ff0023919c39f70e315565c0a92b7d56e10165bdaf625365ec3dd51e30fcbdbf42df745faefd3fe446f0f8cc223ac8b852194860785dc41b823914f187e5edfa12bec8ff00bdfa7fc89a1d2b36aea9c22916b1bc876ff869e1ff0097b7e84fdd15ebbf4ff9109c66330cee59708aa09beaeb92a0f4816b53c3ff002f68fba2bd77e9fa923cdecf94c226ac5844b9de4c86e7fc34f0ff00cbdbf41f74a3eb5fc3f53bd0693267dd868fdb237e9ab2c6b7f87b7e8653fb334e1ad57f0aff00b1a59c25b1e017c1c3ae373095b5be1ad16226ff000f6fd0e39f03e1a2f3ab2f857fd8e7e46c83808dc7caa39213b3eaeb21ef75da077802aeb111d24ac72d4e05aad6d50929af664fa9fecd9694b93b0b89c3089783921d9ab6d565046e2378b8add34d5d1e4d4a73a72d99a69f43c8e0e4fd1ae121944a85830eee7163f71a92863c5e8bb02ec5b56dfdd50a140e8006ca03bd94b36609e058251ae17731f4876834047b24e8c70d0c9c26bb376748e827a2809d471850140b01b00a02159c7f487fb3f02d012ec99f3317a89f08a033bb5aa18318aa924672867f64e858ab4f72367251d85fb180b1f7d67c6c798d3899f3a3161b48b935f7622c7a19581fc29c625adc7152e622f9dfa4dba6ae08b2ed3795945c81b390a6f6bf4917eea953dad087071d4ac0e7a63d25e1131736b037daec41ec2ad70476115a245197668fb3d4652849601678ac2451e89bdf55d3a01b116e623baaeb22ac97c26855895b6d66dbdac8b731a388c514371d2077dcd856b2bd8ce2d5ced2b5c5eaa6a7b4073b1997b091398e5c4c31b8009579115ac6f63662361b1f750187fb5180fe770bfd78bce80c788cefc9c80b36370c00ff00be8cfdc0dcd01c89b2fe17178ac3a41884223d790c8aea2fad1b46b1c64fa4497d63b081a958719175125cdff963d68e12ad2c1cea4a2ed3b256cf46a4e4f996965d373b98dc92241ab2ac53af44a8a1bbf5d4587b16b79284b2923cca35eb5177a526b73b7c88ce50d1ce0a4daab2c07fba7593efbecf68ae69e0a94b4cb77d4f730ff69b1b4f29da5bd7eeadda4432de8ee680a15952447754d6b38219afab7550c6c4d86cbed35c73c134d599f4185fb4d4ab296d5369a4dd934ee96b9bb676cedece9c8f81a38c5ff1c7e1c57fc2abf8baa74aeb29f7b709e84fa9779f6346b8aeb22f0e27fe1d3c5d3f4911f7b70beae7d4bbcfb5d1962fac87dd3fe8a78be5e921f7b30de84fb3bce8e174778c5dd2c1dc44df8eafe55758292fc48e6a9f6970f376e2e5d9fced3b587cd8c7a0e4be1afdbc37956be0f25a35d5f53825c2b84a8fcb84fdcd771d48726e3edaae306c3fd77955d539f3dbabea71cf1584bde1b69ef89c797333161cc90bc303ff00146f30bf46b0b598761bd66f0cef78bb7f379dd1e1aa0e0a15a0e6ba25b3d8ff00f0e866c65dc50c53e031baa6509ae9228b075e7d9b01d9d007a26ad4ea4d4f8b9ebd3d27363f05869619633097d9bd9c5fe17fcf6bd5131ae93c314028050108ce3fa43fd9f816809764cf998bd44f84501925df5564a35329ab18a4551acc558017b5c916b6b7377d526af168b47948a5339721637576e0940b587ef56fecb1009f6573461b3ae4754aa5f4ccae202caed71623585af7b100df68eeade766ac674f5b9df830e4e191c8362b604f48e49fbc5536bcab12e0f66e7160c28d72482400c6dd3604dbbab5dbc8cd42ec97e84d9b8c793b14c526b6fb5b6103de07bab54f98c5a3f404437ecbeca15b11ec6e5f31bc514a8d1cb3332c6846b6b6a9e664baee20ed22ae8ca573770d857660f25805daaa3a7f898fe02a1978a3bb87dd553432d0109d2268eb0f94d75cfeef10aa424839f61d559073aeb58f48db6df405310e8d1711186c36238394128f06291d00954959123c401c1ca4329d8003d36ab6cb7a1174889e5fcd3c7608ff0094e1a48c7f15ae9b7a245ba13d97aa9272a0c4ba7a2c57b89fbfa6ab28465ca5737a18aad41de94dc773b12bc83a47c7e1ac16662a3eadf6784dd7eeacb8971e449aed5da77ae138557ffeaa519f4b5e4cbae3afbd161646d3b6cb622107b56ea7773db581dbdd4daaab58a7bbea1d1e0eab9c2a4a1ec9476ba9c7b8c12e9670f3c9ad89d668d583470aa8d40d6b6b39653c25b98116aaed5472bca1b95d76e67538606952d8a15d6d34d4a4e33bdba2292b25d3ab7a686f2696b250ff00f901fb11fe495b71d53d17d6bbcf3bc0b0bebe3f0cff00ea6ca699f268dd85b7701fa6abc6d4f45f5aef27c0f0bebe3f0cfb8ca34e7811ba071edffdb4e327e8beb5de3c130dfdc47e19f71efeddb07d4bfbcfe9a6dcbd17d6bbc9f04c37f711f867dc3f6ed83ea5fc47f4d36e5e8beb5de3c130bfdc2f867dc79fb76c2752fe23fa69b72f45f67793e0985fee17c13ee3a99174a5f2cb8c2e1d1df76abe26146ddbc23d9986dde05bb6a1ce7cd07d68b470783bf95895f04fe876736f21625b12d8fc6ea89b57523896c446bda45f6ed3b89f48f4eca53a7273e327af32e837c6e370f0c32c1e16ee37bca4f593ddd1dcb7b97d749e20a014028084671fd21fecfc0b404bb267ccc5ea27c2280fb98edaa3d4946326a011bcf26ff279140bb32955ec241e5766afa5ecacaa3c8d29ea7e73c526abed1cab9bf47d6d9eefcaaa9dd1d2d59929c8b02f058686562b1ccd204717e4b83adaa41d8430279b7d6724dde48bc6596c325b1e0f0f86d9c10d6dc5828248e9d6e607b7758fb71ce46f1b456877f27c91c3869717c1f070c4a5f6285762967364f66a8d6e76dc46febc3a6bca670e264afb28a732ee7e63714e4bcaeaa49b468cca8a398596dad61ce76d74dae7369a1ddd1ae56925c5e1e099dca062d11bdcc726a9b6fbdd08045bb6f4d3421ab97ec4961b4927a767e54b91636a1dd444992a40a02bdcd89a333e38ab4a91498c9354f045b0f259238e5b920aa932ac9b6ebac79cd591564b22c9e00b2d8211b936c6474704d7551ea9db52e57d7ea428db42299c3a25c9d8ab93088243fe730fc81ed88dd3ddb4f4d55962aace6d113e126883e3215c3cacc831120d511b8467559413650c1480c09dbcc2a09318d196139f2e64efea47fae80fb1a31c1ffdbb93fc71feba036e0d1161585c65bc21079d78323fda55d41bcecfa88b9b91684e06dd96213dd1a1ff00d5a8716b9819c681e33ff5a29eec3fff002d45893770fa04c3fd6c748c7fbb1281f7b1a806c7ec030dfce4de04a03dfd80617f9c9bc094069e5fd04c51e1a57c34f33ceaa5911826abdb695d82e091b01befa03774019e4f323e4f998b3c4baf13124931dc06424ff0965b7635b72d0171500a014028084671fd21fecfc0b404bb267ccc5ea27c22806237d672d494637dc6a0923f9c12595980bb6a902fdb6fcc0f756532f1295cefcdf92395a4b7ee8bdc37703b2dcdd173d95945d958e9e51d2ccc95644f93ba8728daea7985b66b77dc9f19e834137644c30f830ee149ddbcdc8373f541e61baa234d32bc7ca24ab3bf277fd1d3c31adef0bad873f2769279fa7b6bada518646116e7357655b82d1942c2ed3b5f9c00bbbdfb0d60ab499d2e845324391b3562c34f8692205ad28e71d06d5319cb6b32254a2d3b645ac105751c46441520faa0213a4e9b2b081864e8d1c32307604f0ebdb10b804dafb45cf40a0223989a5bc0c31c782c461db07c180808d668c7adb35d4924937077924d42b3d0b4a128bb495996de4fc7c53a0921912443b991830f78a92a6cd0104d23e518dfe49858a481b10d8b89d5646055043795da40368165d5b6c275ed5281bb0a62cee1930fabc25083a187c3e347d5c12faab2d4127521e1beb707ecd6fcea7206cadf9ea01ed00a0140280c18ec5a451bcb23054452ccc770551727dc280fcf7a06c3bcd95a6c42822354919b75bf78dc843f79d9fc1407e8ba014028050108ce3fa43fd9f816809764cf998bd44f84500c41e57b2b396a4a30237241ecfbf9eaab4248c674cfab131d70bbaec48b0171724ee02d7db59d459178ea56394748509730c06e42d92461c866b5cdc6c373b40edb6fa2a4d2bb276d731dacdac24c633892072dc25ec1766d63a806cd9abbab1b3d4d252e625d9bb08e195776f3cfb6c2fefada08c644b319898c5959941e8245fddbeb7da5a32bb2f548864d022bbd92f7e4dd77d8ed17e80411efae4b6763d28494a299d3cdb9a18d8c6458a2eb9de7545c8b9f71ad695b9ce7c4b79589261f2844ec555c161bc73d6f738cdc5ab03da01405799e99a38093149262635e0e70cacf72a52555d7570df5432ab06e6e483d35cf2828cefa27aef47b787af3af8474b654a50b59349de32766ba7276b59df3b741179f44d8cc239c4649c732dec7549b6b0de01239320f585ab5f2e3edecfe761e7bf07a8f9e0fe25debf51af8ed29659c0a3458cc12192d6498abaadfa580e4bfd92b52a49ea67530f28e69a92e959aef5ef488ee40d2c08247c4cb83388c5c802b4cf3800203711c5188ed125f6d81373b49356b9858ee0d3f4bcd804feab7e9a12937a0fdbfcdfc8a7f55bf4d45d13b32e831cba7dc4fd5c1443bddcfe0054dd0d99741ac74f58ffe570dee97f5545d0d97d03f6f58ff00e5b0dee97f552e3665d063974e3954fa387c301fe8e63f7ebd46dc7a4d161eabfc0fa998c69af2b9dd0e1fd90cbfaa9c647a512b0b5e4eca12ea63f6c59698855862b93600412124f401737345520f4689960f111ce54e4bdcfb8c5977159c995026166c36216366171c03c5193bc191d801616bed36bdb9ed5639cbaf4779a09933082004348c75e5717e53916d97faa0000775f793404a280500a014042338fe90ff0067e05a025d933e662f513e114063c59e57b07e7594f52c8f995ac2a2e0a9f4d9887182650a6cd22026c48001bdc91b17680369e7ddd130598651510218106c6e0dfa36efad5a2a7eb5ca58048b0d0c42c238c0bdf66e4f48f6ef3edae7945249174db6733018b48cb48972111cb2ea9bfa3b2cbbcedb522d35916a919479447e6c6a99785618876d6d6d8082147a5c8d9ac395da6f6e9a8b4ad9d8ce328dd3577fb7f371ba729478961c06b875885d48b708a0ed2bb77afde1bb0556a41bcd237c3d78af26e7d617151e1f85431cb24d2aed28a085001d58d989014dd9891dbb76ecabd2a7b31772b88adb534a2af6e83dc9d88bca645c39590337a0cb600f2b96e2c2e4106db79aae9bf4b239da49f233f67ee58582c52c8b75e9b11d06c0d8fbc55e2ee58d8ab03432c6554c3a708e9232f3f0685addad6dc3b6a939a8abb3a30d8696227b11693f6bb119c859c9063b1424e115045ac22858da466616690f37a3750a2fbc93d158d2ab1ab2ba7a68b9f79ea63b83eb60686c38b7b567292e4a4b48f5e6dbb735b4bb92b64c51b632d1374a5ac4f3dd0dd093d36bf6d7458f215597e2cf7f7ebda7926bdb5668d6443bcaadfc511b9b7716dfb8543262a2dde0ecfdbfb3cbb6dbc85e76666e09563c4471581963574562a195db5365fe6c82ca7986c3b2b9aae1e9e52b73aedc8f7b83f85f19272a32a9f85b4da4da715b5efba4d677f61ea662e10eec337b312b52b0b4dfe1ed651f0f62d7faebe05dc665d1f617f957febffcaa7c1297a3dacafde0c65edc77e889f49a3dc29df8671df3f9542c2537f87b5932e1fc62d2b5f7423fba4641a3ac1f50dfd76f2a9f04a5d1dacafde1c6fad7f044fb5d1ce079e16feab54f8251e8f999fde2e11f59fa63dc651a37c9fd5bff0051ea3c128f47cc7de1e10f59fa63dc7bfb37c9dd5bff0051e9e094bd1ed63ef0f087acfd31ee30e374698168d846ac8e41d56d7620373120ef1512c252b64be6694bed1e3a33529caeb9d5a2aeb7a473744f9624bcb81949262b94b9b9501b55d3b8122dde6b3c1ce59d39731d9f693094ed0c5d2d27afb6eae9fbd6a58f5dc7ca8a014028050108ce3fa43fd9f816809764cf998bd44f845015be98f3af198231ae1f5115d4de42bacc0dc8b2df9239b78351b29e6c9b90dd13e903829e68f1f3b159cab09a56242c80116627d1520817dc3546e150e2416fe5ec8d0e2a1786550c8e3fe6194f311b083554c9287ca1a35920c4b24ac7e4e2c56416d6901faa06e5237127bc0dbb3ae853e319856abb0b2d4b2f159d6934220c421d4ba1ba3106e8c185efdaa2fd3b6b5a9806f90fdccc69e35c794ba8dd8da1c4a910bd9ec766e63cf6b8d87b88af3a74254f2946df2ebd0f4e962e9d5d5fd3f722f95a696350ad8a4437b06658c30362d604d8303abce39ba4556d1b724ace338bb39f59d4c8b94f11228757808d561adfbcd8daa40dc6c36f4522e3ae6525c674a353178b78c59e78d0202cc235db61b42826e4126d5168f3221ba96f2e6adecbff00e1b59b8c0c29fbf99ee090175b5c806c4bb6c245c102f61b2db6d53179e96de44a37cb69b5ecfdc9fe6ec49146cdac7f7926b72cf2afc1a258df79b256eaec84acadf33b40d091404732fe64e0f157668f5243fe723b037e961b9bda2f5854c3c2a6ab33d5c170ce2b09946578f43cd7bb9d7b88ff00c932be4ff9b618d807d537e100ec1e97b016eeac6d5e969e52edfe759e8edf05e3f94b899be75c9eef96f37f25e91f0920226d6c3b8deae09171bc06517f781578e2e9cb5cb79cd88fb3b8ca6ef4d29a7a34fe69fed75ed39b3e7361f1b2da49e18f088c18248bcb95c5ec196ff37b8edb1246eb538d85479b5b3edd5fd0dbc5d88c153f229cdd56b58ddc629f434b95cd93b24f5b9d14c66451bfe407ba141f955dbc3bf47b0e654f8617adfd464e30c87d183fe947fa6a3fa1f97b09d8e18ff77ae466c2e5dc91192637c3213bf55145edbaf61da6af19d28f25a5ef4615707c255adc6c2a4ada5d49dbacdcfed9e4ff00e6a3fbfcaa78da7e92eb465e2ac6faa97533c39e993ff9a8ff00c5e54e369fa4bad12b8271affd29751f1fdb9c9dfccaf864f2aaf8453f491a78971dea9f61e7f6ef277f32be193f4d4784d2f489f1263fd53ecef39f96748d838e32617e164faaa15c0bf4b1602c3efaa4f174e2ae9dce9c37d9dc655a8a3523b31e76daec4b9fb0d6d1866ecb109317382249bd107d20a4eb333741636d9d9db55c2d292bce7ab37fb41c214aaec61a87221d1a5f4496e44f6bb0f9a140280500a02119c7f487fb3f02d012ec99f3317a89f08a03859ff9acb8fc3345b9c6d43db407e5ecb791e6c348d14c8548d9b771eea904cf45f9ef8e8a68f048bf28898ec89880d1a80598c6e7d10002755b66cd96bd5651b8b936ceeca10cadab883246b20062b9b6b26a293aab7ba302db6f637dbbad5cb295484b691dd4634aa4361dae473193e0c22c684920005da470c6c2dac48d849de7656ab1f5fa4b78b685acd769cc8f2ac31157f94292b7beaeb937b8d5b10146c17bdcd7652e119dad38dce2c4705d26fc89ecf698f19a50c75cf0661097dc214bb5f696606e0926f7b1e7ace33a7e8f6959d29fa57fe7f39cd6c3e7d999c09f05826bef71059c76dd585cd4cdd34ae976fd0ac294a524a5a6e2730e528cd8b81aba836b2c68a011b94adcdb68d97ae1dabe599ea4a92b279751dfcd99d712c16100a2ef61e8817dd7f69f7d5a31bb319b8c51dad2366db62f06b0c76ba48af6237d9596c3b7955db46a2a6ef63cfab173e72198ecc693078169f8678dd029b4724ab6bb01ccd6e7ade854954a8a32d0c6ac1420e48e066b658ca334c208f173926faa5a427774eb5ef5bd6d8a6b92999d2da9be534775b38b2be1718906226255b702911d604150c1b56fb18836bf376d64d539537351b5b7974e719a8b67d65ecf7cad82978394c0c2c18131905949201b0616da0ececab53a14ea476926bde567567096cb6ba8dcc87971b284cbf29c1e1e451b0bac6e186cd9ca24ecae7c561f0e9ecd9b7edb1dd81e10c6525784f653e86fe5a1f79ecb1e0641ab9330d24240b396606fce0800db6d65470342a65ce7555e1cc7c33e3256de47a3ceec2d8939221e4efb487bbf86b47c1f8752d97aeefa99f8fb841ada551dbffafa1921cf8c0ffd91176ed07f14a9780a11c9dba914f1d63e79f192f749997fb7b80bd8e48841ff0057fa2acf83e9479565ff00145570ce31e9527f1b3d973f3003fea9801e83c18ff72a63c1f465a35d48acb8671abf1cfe2658d0e0326183e5270d8658b5758b18a3b01eeae28d0849d945751d4f84b1495dd697c4fbcacf2b67a40d2f0782c9b85d5bd83c90a966ee45b6afbcfb2bade0e8d3cea2ea473f8db1b3ca1525ef93ef033b9f0ccbf2ac99862879d61546edb13707bac2a56170f35e42b6fb157c258e8bf2ea49ff00c9f7966e6ccd93f171acf87861d87770681d1ba080361ed15cf3a0a9cacd23458ead56367524d73a6df6e64473f72b656c2b332e202c2cc4215862d8369553ae1ae401bf65edcd5d987a74aa656cec70569ce19df23819b795f2b63d8a2e2e4040bf2783516fb2054d6d9a56b416629ed4ef7933472be52ca981c408e4c5cc5b61dae48b1bd8d9ae0ee3cd5bd28d3a9152d95d0635253849ab96d662e5f6c5e1c3c806ba9d5620581239edcd5e7d782854718e876529394136492b23414042338fe90ff67e05a025d933e662f513e11406cd01c9cb79b785c58b622157efdfef1b680e260f46b8085b5e1578c90cbc92bb98588da0f31ac9d2bbbed335e372b6ca32651d1fe16765695e662abaab764d83b06aecdd55950dad64fb3b8bc310e1a4576f79a2fa27c9c77893df1fe9a85874bf13fe7b8bbc649eb15fcf7989b441934f34be24fd353c4fe67d9dc57c25fa2bf9ef3e7f63b933a25f127e9a9e25fa4fb3b88f08fcabb7bcc90688b26a10ca250473eb27e9a3a37d64fb3b82c45b3515dbde75b0b9858243ada858f4b6afe40544684573b2658a9be824586c3246baa8a1474015b2496873b937a99aa4822ba507b64d9fb4c43ff392bab07e797bfe4ce7c579b7eef9958e8992f8c8fed1adb17c88ef66786e54bdc5bf97f3762c5344ee2cf135d5b9f6dae3b8d87bab8149a4d1d6d26ee555a666ff002e45e88a21fe390fe75e9e17ccadfdc70623cebddde4d34491db0ac7a5cd71627cecb79d743cda3b99f718393b164807570f2b0ec2b1b303ef02a949da6b7979abc5a2b8c83911a6c8b3989419a42841d97b07563b4f6035aba96ace4cc942f49244a731f3423870a5e540d2302794370b6cac5c9ca5766aa2a2ac8a7326a869d75b6d8a7e22f5eb6295e33f61e6e1dd9c4b833fb32a3c460b5a18c09a3019756c3586cd653de3ef02bcca13519e7a1df561b51cb521b9ed951d70584c10257921e41d275b56307b0598dbd5e8aeac1d3c9cfdc8c3133cd43deceae88f22a348f33283a8005bf4f39acb18ff00a9b3d069855e45fa49ce7f6474c4606652a0b22175e9d651ad61df6b7b6b2c3cb66a2eaeb2f595e0ca7347f965b0989163c8242b0e62a771f61fcebd0af4b6a9c973acce3a552d34fa4b334babaf93c11d6211ed561f9d72e0bce35ec67462b917f695b6606744381919e60e6c960aa2e49bec1b6c077935a6260e7b297314a3351bb7ce61c66516ca58ce1a5748b5c85504f26341b002dce7b4d85c9dd5aec4e14bfa7999ed46753cbc8bcf36723c78581634371bcb7493cf7af2dfb4f40eb54014042338fe90ff0067e05a025d933e662f513e11406cd00a0140280500a0140280500a014057ba58c7ca30d24062ba3142b229dc148621d6db0dc6c209163cdcfdb8450dabdf3cf2ee39713b5b36b65910fd0e90d8b16faa86f538c926a2b7fec30cace4f71795709d4515a5d7be51b742c63fc37fcebd6c379a8ef3cfafe71ee2c3d152db040f4b37e35e757f3b2dececa5c88ee474b480d6c9b8cff4120f7a91f9d56972d169f259cad1227fd1f1ff00f79852a72def10e4a25d8cd91bdbf85bf03558ea897a1f9a7247cf0ef4fc457b388e4ccf2e86b03f4c61bd05f547e15e29ea946694def94641cca6303bb8253f8935ec6195a8c77fee7995ddea489de88947c9a43fdffcabcfc5f9e91db87f3689be316f1b83ceac3ee35847546af43f32e18fef09ec5af76ae5b7b8f26967b1bcb973f41391c13bc7027fc407e75e6609daaaf7fc8efc579beaf995b68e725c589c514997591d48b775698bbe52de530f6ce26e678e61c9833ad12b3c7ccc378ec6e91db56a58a8ecf9593f995a98795fc9cd1dfd1d642c636abc85922162aaccd607f8953d107b6d5857c4ba9a2b7cd9ad2a0a1abee2d8515ca741ed0108ce3fa43fd9f816809764cf998bd44f84501b340280500a0140280500a01402805018b11875752aea181e634041f11983c062062f00e62707949b0a3adf94a41e9ad38c6d59e653615ee89d4249505858db68edaccb94be9bb27326263c401c89140bf43adc5bdab6f71af430d53fa7b3d0ce2af0f2efd289c689f10af805b1dc4dfbef5c9595aa3de74d27e423674a38911e4bc513f59020ef77541f8fdd4a2af344d4768b3e345f115c0460d524eed968ab244971e6d1487fb8df09a479483d0fcd592be7877a7e22bd9c47267b8f2e8eb03f4c613d05f547e15e21ea94be99704531625b6c915581ed5e4b0f705f7d7a9859de8dba19e7e2236abbd127d0e6283452a5f7303ef15cd8c5fd5bf4d8e8c2bfe9dba099e7363843849e53f5636b76b11651ed6207b6b0a31daa897b4d6a4b660d94066be01a7c42228beb30f08e7af471756d06b9e5f238b0f4ef25ecf996a692b2b429846c1292d3111f21413a8a1836b39dcb70bb076d72e163b32e3259237c43bc76166cafb32f20e35dc344ae836ddc12a6c4ed0186d1ecabd4c545ab28df795861e57bb76dc5ed8485b830b2d99adb7a3efae13acd8516d8280f68050108ce3fa43fd9f816809764cf998bd44f84501b340280500a0140280500a0140280500a0140280e6e70e458b17034128bab6ee9079883cc6ad1938bba22515256655983c8f95323c8c70f69a163b558120f6d858ab768f75747194ea72f2663b13872733dc762328e55748e5884712b5c2286b6b6ed6766df604d876d47190a69a866df38d894dadad3a0b5f23e00410a443ea8b7b79eb98dce7e74e7061f0f1ba4b200ed1b6aa58966d840b5bb6b7a146751a71595ccaad58c159b3f3ee4f95564bb1b7294fb05abd5aab6a335cecf3e9bd9717cc8fd2191328c53c2af0c8aeb6b5d4f381b41e835e2ca2e2ecd1ea464a4ae8e6e7be6dae3b0e63dcebb51ba0db7771abd1aae9cafcdce52ad3535629fc838cc6649c41bc5ac3732312011d8c01b7babae7c5d58f2bace68edd37a1bf9c39c78ecaa5615878384107835258bb73177b0d83a2c3dbb2d94254e8e69dd9aca33a993c913fcc0cce1845e124b1958784740ae79cdce5b4cda11515644931b91e19583c88188e9dded1cf542c6e4512a8b2800740a03ee80500a014042338fe90ff67e05a025d933e662f513e11406cd00a0140280500a0140280500a0140280500a014008a03c5503701407b407332de428714a16517b6eb6ff007d4a935a321a4f523d268cb0277ab7beadc64fa5f591b11e83b99bd9bb0e0d4ac57b1e626aadb7a96b58ec54030627051c9e9a2b77814030f838d3d0455ee0280cf40280500a014028050108ce3fa43fd9f816809764cf998bd44f84501b340280500a0140280500a0140280500a0140280500a0140280500a0140280500a0140280500a014028050108ce3fa43fd9f816809764cf998bd44f84501b340280500a0140280500a0140280500a0140280500a0140280500a0140280500a0140280500a014028050108ce3fa43fd9f816809764cf998bd44f84501b340280500a0140280500a0140280500a0140280500a0140280500a0140280500a0140280500a014028050108ce3fa43fd9f81680d0c16509b834fdec9e8afd76fe11db4066e309bad93c6de74038c26eb64f1b79d00e309bad93c6de74038c26eb64f1b79d00e309bad93c6de74038c26eb64f1b79d00e309bad93c6de74038c26eb64f1b79d00e309bad93c6de74038c26eb64f1b79d00e309bad93c6de74038c26eb64f1b79d00e309bad93c6de74038c26eb64f1b79d00e309bad93c6de74038c26eb64f1b79d00e309bad93c6de74038c26eb64f1b79d00e309bad93c6de74038c26eb64f1b79d00e309bad93c6de74038c26eb64f1b79d00e309bad93c6de74038c26eb64f1b79d00e309bad93c6de74038c26eb64f1b79d00e309bad93c6de74038c26eb64f1b79d00e309bad93c6de74038c26eb64f1b79d00e309bad93c6de7404672ce365e19bf78ff57eb37f08a127ffd9),
(4, 'ferintaylor@gmail.com', 'edward', 'admin123', 0xffd8ffe000104a46494600010100000100010000ffdb008400090607101212150f0f10100f0f1015100f0f0f0f0f0f0f0f0f0f1511161615111515181d2820181a251d151521312225292b2e2e2e171f3338332c37282d2e2b010a0a0a0e0d0e1810101b35251d1d2e2d2d2b2b2d2b2d2d2d2b2d2d2d2d2d2d2d2d2d2d2d2d2d352d2b2b2d2d2b2d2d2d372d2d2d382d2d2d2d2d2d2d2d2d2d2dffc000110800a8012b03012200021101031101ffc4001b00000202030100000000000000000000000203010400050607ffc4003c100002010204030505040a0203000000000001020311040512213141510622617181133291a1b14252c1f007142333627292d1e1f182b21553a2ffc400190101000301010000000000000000000000000103040502ffc40023110101000300030001040300000000000000010203110421311222425171133233ffda000c03010002110311003f00dd3810e8971c08703d7052748074cb9288b9448151c0874cb4e00b8815254c5ca05c7117280151c01f665a7121c00ace04682cb803a0046805c0b3a087002ab80b702e3894b32c652a10f69564a31e0b9b93e89736004a02aa42dc76f338acd7b5d5aa5d52fd84395acea3f3972f4f89ced7c54a4ef294a4df17293937f103d365561c35c2fd3546e438fc0f2e572de0f31ad4ff007739452e49b71fe97b103d0a5115289a4cbbb4e9f7710941f0f691f77d572f33a0b5f75ba7ba6b75602b4a22e48b3288a9440aed02c6c90b6805b0586c168000186d02c802c161305802c164b21802c109820432096401ee5a41921d60248b904342da1d242da3c85b40490e680922124b403435a01a202ac6583688b000e246919632c02b491a4703603559ee694f0b49d5a9bf28417bd527ca2bfbf23c9f38cd6ae226ea5577e2a315b460beec574eaf99b2edae71fac6224a2ef4a95e9d3b70fe29fab5f048e764eff87420445393ff0006c30d96ce4d2d3c7e66c722ca753bcd7970699db65f97462aca3b74e465dbe4cc6f23669f16e53b5ca65dd9dbed2e1d575b9b29f656364d7aa5749bfcd8ec30f82495922e470bb6e64be4676fa6bc7c7c24f6f2fc5f65e4b78abf24b995329c7d4c33d15149d1e71fb8efef47fb789ead5f08adc0e7338c9e324d497a96ebf2acbcc956cf131bef126328c92945a9464ae9ae0d01289a4ca3112a157f55a8fb927274e4f93e51f27b9d0ce26f97b3b1ceb2cbcaa9288a922cca22668942bb40487490b900b60b0990c80b60b0d80c0160b098200b2096400245c260b03de74812439a17245c821a16c74900d11c0a685c8734034790a60586e921a212510d0c681002c6589645c08b1a8ed5e39d0c255ab176928e883e6a53928a6bcaf7f437272bfa49bfea4d72752927e576fea901e4ce5cb91670946ef72b25b9b7c0c2eac579de459af1fcababecfd3d97d4ebf0744e5723d923afc0cf81cacfde4ec63ea46c68e18b4b0ebc00a73e059773d491e6daaf570e8d463b0f737750d662e714b7692eacf19c7ac5e73da7cb77d515669b69ad99b0c156f694e353ef257fe6e0d7c6e6e31f461562f4b8c9ae8d334d9651d119535c233765e0d297d5b36f89b3b3f1ac3e5ebf7f9414a22668b734579a3630ab490a922c4d0a92010d00c6c90b900b6086c020032192c8001901304016404c103df980c36032e417342874853228162da18c06790b92018d90b910018120d812004c30c412c39dfd2061dcf0352df61d3a9e919abfc9b7e87466abb5906f05884bff004d47e8a377f2410f14841bdcdb65c8d6e1e572ea4f4d96d7e2fc0a767b8d1a7d5ebaccb71b4e165292bf4e874b81cce96ddf471795ca824b5453df8bbb6ce970f4284e3fb3a6effc33826d74f78c19613ae94caf1d9616bc1a4d4935e05d96262b7b238dc3cbd9a6d296dc54af746eb2ac42ab0bae478992789cdb35925a611ef5f8a5cb7351fabb9a4f113b25f62eb77e2c6e675254eedecb8df9791c9d4ccf12e7354a9bd4a0a54e6e2aa7b493947badea5a3bae4f9eeb86e7bd72e4f19d987badbd7852524e9ecef6ba9710274ed37fc4a2fd6f2bfe051c1617113ad7925ec93baa9283a729ff00c6e6eb31a56717e0d7d3fb32dd33f1d915f91665aaf228cd089a2c484ccdee62b49099a2c4d0998099213243e48548053006485b0018213059005821305810084c103dfd8b61360365bd40580d12d91722d012024318a9100180c9603640860b09b0401b104a200c38bfd256695e9429d2a52d34ebc6b46af7632d6ad15a2ed3b6d27f947677396fd22605d4c2eb5c68ce337fcafb92ff00b27e8454cfaf2bc271b1d0c308a50ba39fe12f237b96e27ecbe053b3bf63469e4bcaab470f55cb4a5b79daebc0eafb31d9f945eaa8e12b4fda25382937dc946da93be9ef5edb6f14cbf935284d2528a7e36fc4ebb2bc0c57d95e1b703365baf791ae689f6a855cbd429ca7796971714a4ee9b6adb5eefe656c89b8c9ae09b7b781b7ed349429de4f656497372e491cfe5959ebdee9ec517eb463f1d254a7197766aeb8edc578a0565115bc65ff00cabfc42a9069276e21431ce16524adc352fa311141ff008fd3bbbb7d59a5cde1eef837f467553c54671db89a0cd683a928c29ad5394924ae95df43d6bf59c46c9dd75a09a13510f9afec226755c62642268b12133202662643a62a402a42da1b20180a60318c09100182c2902c086004c1b81ef2e404a42f503291ed03720750b722358a18e404999a8093200c81663643604491063200c219973008657c761a3569ce94fdca9194256e366ad75e239b040f0dc6e1e54a73a73f7a129426adcd3b5d783e3ea370b3b48ef7b5fd99956bd5a3153aadf7a368c6525bf19ca496db24adc3cb7e271181a942b3a3552538e94ecef1778a69a7cf895d8bb1bee3b6ece621348ed70b89d2ae79a64709c5bb72675189ad52114e57d364f639b9e3fabd3ab8e5dc43daead52a28e8df4c949aeaacd7e269a8e7b38ce37a32db66d59fad9163ff003149bde71fab36181952934e34e751dd2eed36f7e3613bf2c39fc56ed63aa5582d29c57de6b87a0c70eee993bdf8b7c5bea3a8aad28b54f0d35a5a8c9d571a6a2df0db8bf81aecea9d7a7149ce946a49a4a104e4d2bb4dddf974e63f1a767c55789ab466a1fbca72764d7bd1d9bdfaad83c5b7672bbeab9589c3e134c939372b2f79f3959eff00362f1b5367e3b2f24319dca479cf2e615ad90998d90999d671ca98a98d93132202a42a43642a402e4030e42e40030241b01800c16130590058213040f6a5321ccacaa19acf41d2910a625cc85302cea21c852999a8026c8b82e446a009b22e0dc8b805722e0dccb8431b06e4360b604dce27f48980fdde2a3cad46a796ee12ff00b2f54764d9a9ed55253c2574f9539545fcd0efaf9c48a99e9cd76771b1b6f6e8d1d960ebc2707076764ede313c7f078c941de3ea8e972bcedc64a71778fda8bddaf1462d9aaf7b1d0d5ba59cad9e6d96c69cf5c138369c7ba935676e4fd19bbcbfb49516f68bde2ecd5b68c6d6f8abfc8a15f1319c559eaa72de2f9c3f85f874658cbe36e293f1b155cac8d384c2fd8eb70f9855a917275a943546f6a50954a97492b6eed7e1f034cf0d353f69524e4f96a7a9bf165fc1fe6c462e0f89e32cbb1ef1fd3de2ae2e7682eaff002d9a7ad52fbf2e0bc8b18ec46a9685f656e549b3578faff7d73fc9dbfb2024c4cd87262a4cd8c609313219262a4c80b9b17261cc548019316c2900c0160482603005b0592c164016092c803d595427594fda12aa1e85c532751594c2d603f505acadacc5500b3acc6c42993a806ea32e2f5197019722e2b510e4031b1739a49b7b249b6df24b8b05cca19e55b61ebc971546ab5e7ecd814331ed7e1292569fb66d5d2a3a67cedbbbd91cae65db9ad554e9d3a34e14e71941ea729cf4c935c55927e8ce7285addee0acad6dac1c6115c13d3cd91484d18b7c3fd9629b6b75b3e85b8e0f4b528f7a2d6a56e71e76f15f89b2a197a9abdae9f068cf96c91ab0d56a8617309c764ffe3c8ea325cee32b466ed2f1e66ade44df0dfcc3a790cd3dd3fa94e7961945f84cf1af41c163e095ee84e679cc527a6d293d92473184cb24b6bbb7477b1b4860acbf2919ad91a7eaae16fde72de4ecdfcc3931353174e353d939c633693516eda96fbaebcc3948e9e8ff0048e56fff00a50c98a9c839315365aa83262a4c2931526401931720e4c5b600b60364b60b600b0184c5b02182c960c80164180903d095409542946a06aa122fc6a07aca2aa07ed00b5ac9d654f68129816d54094ca8a64a981714c2d4548d40d542439b05c85eb28e6d9b52c3c35d57e118ade737d1201f8fc753a30752ac9460b8b7c5be89737e079d67fda7ab886e10d54a870d0bde9aeb36be8b6f3296739c55c54f54dda2afece9af760bf17e250b10329c9aff00435d4ff02d449bfe6c058a15aa42da5d927aacf78dfa9d16559a53e3b41b6b5d26ed76fedd37f58fc0e6a136b859df8a0af7dedbf24579eac735baf76587c7aa60e8c6494a3669f345ff00d53a6e799651da2af425cea53fb5196d2feaebe67a3e499d52af0d507e128bf7a32e8d1ceddab2c3efc6fd7bb1cfe7d588616dc0562296dbff0092f55a9d0a35e77332e79df6cf0afda7b6e31da9497ddb5ecfe6cd6e033aad4b6beb87284eeede4f8a3a6ed3d26e8ca4addeb377f09decbc4e224b91d7f1b2ee1fd39be4e3ccff00b74f87ed2d37fbc8ca0faaefc7fbfc8d952c4426af09292ea9dffd1c2582a556507aa12717d53b7fb2f67773262e4cd465b9cebb42ad94b82970527d1f466d1b021b16d93260360430592c16c086c064b603022e0309b01810c12582075caa0c550a1ac646a01763503754a4a64a981755418aa1454c35500baa616b29c6a07ed00b4a612a855d656cc332851839d47b708c57bd37f75202de6599428539559bda3c15d5e52e515e2798e678fa988a8ea54776f847ecc23ca2bc0666d9a54c44f54f68af729af760bf17e2535b7afd0038d3e867b37c8642a5ade25a8d9f0f50292818cb1563d3c508510317ccc8c8cb588e203afb6dbf1f3458cbf1d528cf551969725a5f356b71b7871451520a12b3baf81164b39532d97b1e9590769215ed4aa772ba8ef76942a34b7717c9ed7b3f9d8dc3574fea78fb7a9596f7e4ff0012fe171b569ef4aa4e1d5293b7f4f07ea63cfc396f71ad7879764e651d6f6aea42184d2edaa7a6305cdf7936fe079f4997f33c7d5ad25ed66e56565b28a4bc96c6be6adb2dcbf46bff001e3caa376cfcf2ec4108944345ca987479462f5c2cdf7a1b3ead727f9e87365ec9eb69a89729de3f8afa7cc0e865206e46a21b0324c16c86c16c0c6c06c96c06c0c6c16cc60dc0c6c12480377ac35330c018a64eb30c00954095424c00d540a350c300d7e699fd3a3dd5fb4a9f713d97f33e5f538dc7636a56939d4777c125eec5744b9230c014f819730c026c5aa53defd767e2618035c445ad7f224c01aa09a2b568a4f6fcb30c016d92cc30088bfa86aab5ccc3008d7a9f47c05d8c30099330c3001637093d338be8d18601d1b910d906010d82d986000d82e461800b643661800dc8b98601ffd9),
(5, 'ferintaylor@gmail.com', 'waleed', 'admin123', 0xffd8ffe000104a46494600010100000100010000ffdb0084000906071212121510101015161516171d171815161516151818151d15171617151517181d2821181e251d151721312126292b2e2e2e17203338332c37282d2e2b010a0a0a0e0d0e1a1010172d1f1d252d2d2d2d2d2d2d2d2d2d2d2d2d2d2d2d2d2d2d2d2b2d2d2d2d2d2d2d2d2d2d2d2d2d2d2d2d2d2d2d2d2d2d2d2d2d2b2d2d2bffc000110800e000e103012200021101031101ffc4001c0000010501010100000000000000000000000102030405060708ffc4004510000201020404030308070605050000000102030011041221310513415122617106328107234291a1b1d1f0145253627282c116339294b2e1152454d2f143738393a2ffc400190100030101010000000000000000000000000102030405ffc400221101010003000202020301000000000000000102112103123141135161a1f032ffda000c03010002110311003f00f65b52da96d4b6a4096a296d4b6a012d45a9d45064b514b45a902514b6a28d825253a9296cc9494ea4353b390da2969acc00b92001d4d232d472caaa2ecc00ee4d85713ed77ca2430298f0acb24bb66b128bf1fa47d2bc978cfb5b899c9695d9afb2dec079db61a52daa62f7bc67b4d858f79731daca0b1fb2b0715f2938653e18a671dc055eb6d98dfecaf0a9788cb278798d6db73603b0aad3cf26c1dbd6e451aa7a8f744f954c2dfe7229507eb1287ec0d7ad8c1fb79c3a5d1314b7b5f50c3adba8fcdc77af9a5f13213abb7d6695b186d6000f30353eb4fd6971f59613171caa1e275753a82a4116f854b5f2e707f6a27c3481b0ecc9d0ebbec2c46db586dd2bdd3d86f6d63c6468923013db5001cac7ad8f43e54acd08eb8d2529a4a9d9e8d34d34f229a45066d14b6a280d1a2968adf6c096a2968a36051452d2d82514b452d9928a0d14ad04a28a291e89486968a0cd26da9af0ff00944f6d64c53be1a139605394907fbcb1d5ae0edd86dd4f4aeebe5638eb61b0a2289acf31cb7ec96f11fb87c6bc6787600c8465ebdf6b0b6a6df9d2d536b4c31dd57dc5af61d875e80535b0258dff003e95d770ef66ac0b11a9eff7b7e1f0ee6b560e06a0581f5277f876ed51f91d13c3bf979fa70b6e834fcff5fb8d2ffc38b0b017f4d0587db5e892f0b1b5865f417fba9bfa020db5f534bf22ff000c79f41ecf31e9fd29f27b3d61b57752c606d54f10ba51ef4af8a3cf713c24aed553078e970ec4c4c549ea343a10411f50aecb1905ef5ce714c28b1d3515ae39ef95cf9e1af87b2fc98fb7671aa30f88b09d41b11f4d07d222fa1fbf7af4135f2261312f0bacb1b156537046841e8457d23f275ed52f10c2872c0cc9e1957a83d1add8817a5963aea257514d34f34d22a36a2514514834296928ae8db01451452d814514523d0a28a281a145149418a28a290251450691bc27e54b1af8ae2470c970b1658fe246663ffeadf0ad4e178158d42a8d85ab051f99c4b1329373cd7b1fe6cbfd2ba8c235c565e4aecf063cdad05a9025016a706b275488244ee37aab247635a19ae35aa930b506a3888eb3710b6ad59ab3f1097a719e4c8996f5958fc383d3f3f935b532d529c686ae561947158fc3daff009fced5b3f26ded0360b1f136bcb9088a41fbaec006b7756b1f81ef5538b0d4d56f6720126330c963633c60db7f7d49fbaba6763932e57d5e69b4e34d35ced344a28a2835fa28a2b7738a28a4a465a2928a0169292f45e902d1497a2831452514017a0d145e91bc1a3c2e5c7e2506c257fb5cfe35d3614002c2b0707ae231527579df5f20c40ab0f8d95b4850e51f4ae35faf6f4f4acb2ed7778afae2e9912fd2a4c96ae60cb8c1639c01e97fac5f7fc2b43098c90db98c09bf4d2a2c6b32db46c2d51c91de9b2c997eaaa38be2aca0e58f37c688ab7474e37acfc435aabbf1c90dc183a6e35faeaa4fc4dafaae96d458e61f0a7a679670e9cd6571392ca48ab58b981d54e954f12e08d6aa32cbae631b266ad5f939c119389e140fa2f9cfa2826b2f1d1d988aed7e453099f88349fb2858fc599547f5faab7df1cbaebdde90d2d21ac564a29692905ea4a28add80a28a4a40b497a292832d251452028a28a0c52514500566f1de311619334ad9735d56c09d6de5f7d68d70bf2a09748fc8487e39295abc31f6cb4e078583cad377b9d7f789637faea4c771378f2c50add8f5b683a5fcaad706419003d00ab9fa029d6dbeb58fb75dfe9c7338ac5e244a2169189cc468328b6994e8e09bf6b0d0def5adc3f0f28720b86cb7f103a102df51d469e7b9abf360c81602da6e59beebd3638b20f5ebb7e4555b3f49c30b2f6a6e338d0b18b6fdeb0062d8adc1f1336451beb6b9edb7a8ab1c7e5196c2a870573764b021bb806a64565f29b1dc471187658ca82cd96cb62e4e6bdb55502da0bf99d33589a59b8803944f1852c2eac0dd7f106b425c20700320d36b0074eda8bfdb5431b812dd0fc74f4aadc6531cbeea86321b1b8d8d5198d74385c358657ac5e22801a52ecee2e731e7c55e8ff20f2c624c58670242230149b12a398491df53afc2bcf658734a077ab784c0aa35f661a823437f515b5b35a613c772afa6a8ac5f633881c460a09492495b313b96525493f556cdeb222d14949405da2928ad9816928a4bd2314525e8bd232d1497a2f402d1497a2805a4a292805ae1be54f4851ff896feb6ff007aee2b90f94d1ff280f6907fa5a9569e2ffa8e0f007502b6e04b8deb070275adac33d635e8e2b2919eb54318d77b0e9f774ad057ac68f1a6377b837d6ed6b83dfd2857c30b8d9f3a8b84382c2c76a4e398e8c35cdedfba2e75aaf1cb965431eb72341fabd6e2af5c637b5dc2369ad569cf9d4f30cbf1d6b3f172542f5153884b6d4573d8c96e6b531b25c1ac4977aa8cb2aac8d6941ec0ff004a971240f1a9f86fd2a25b0258f406fe949c1b04d349143fb691500eb6245cfc05cd69a678bde7e4df04d170e815b7652f63d033161f6115d253618c2a841b28007a01614ea8636efa292969280b7452525eb46475e9292f452d81452514b665a2928a0168a4a28d82d25145e802b8bf94e86468a2297c81ce7b772b6527cb56aecef48c2fbd0bc32f5cb6f0fe1f26de95b3863a557f68f09c8c64a805866ceb6db2b78b4f8dc7c2a4c3cbd7e3f67fb5675dd865c4b89c584041617fbab164c5b172c34f87d868c4a0be791c5af7d7ef1f5d40fc46341ee31ec72b7f41a6d4f187bb92bcf273630d9501dcf8753a903eea4e158a54245ac7bda8ff0089c2a3205363d2cc77d7a0d37a8da48d8dc1dfbe9a5554597174ab8bcebe9bfe354f135438692180dd4e9bf5357312f51a57bee32f1ad6158e4d69f126d2b29aae31caa10d63b5fb8fb7fa5755f25d86e7f1347cbe18519fd1bdc1fea3f556b7b05ec5c18dc2bcd31657e6954753b28517194e86e49faabd0fd99f6630f8152b08259bde76d59adb0f21e54f68b94d69b6690d1486a598a28a280b349484d17aadb32d149452028bd0692f419692f452500ea2f4dbd17a36347525e928bd065a29b45034e2fe52386dd5314a354391ff0084fba7e074fe6ae224c504198ea06f5ecd8bc3aca8d1b8bab0208f235e2fed2f0f6c399226d4a6a0f75be656fb2935c32e692420b0cc6daea3d2a29dd47bc2a1e158c0502136b0fb7b0ad29610474a5d8ebc32e71912ca87451b542223b85b0ee6b4130a14ded4e9101d4ed4ed16dfb4309c8b9ada77fbbf3e754e6c55ec3cc53f88628019576d88ee37b8f3fc2b3b0f25fc5f1bd2d30b9752f106e959af566792f55643a5ea936bd9fe49c0ff0087af9c8ffeaaec6be5bc1fb4d8ac1ce1b0f3baaa904c7998c6da0be64bd8fdf5f467b2dc717198759d458dcabafeaba9b30fcf7aacf0d758cbbad7bd2514959a8b45368a02cd25e834954cca0d2de9b7a29196f497a4bd25e919d7a2f497a2f402d14dbd2de805bd14945005e8bd2525e833af5e7bf29b85f9c8a41f490a1f3b1b8ff51af40bd7997ca17122f8a480119510b7ef663b69d0595becec69c3c675e768e5188ec7ecbefe5fef5d1c18f2abadaffed73f1acae338027e752e4dac40f5dfceb1e2e2257c2d7dbaf7b55eb6a99dc2eabb1871ea52ec3b8f88ac0c67112491e7dfa751f5dbea3df4ce5e282d6bfe7f22aacb3976f0827bdbfde8986be465e5b924c5e2c9ddafdbf3d2ae26800aa586c1eccff57e3573353cbf84e32fd9feb50ce69649475acbc7e37e8af5d3ff0014a636aedd292c7cc98902e0789bf856df79b2fab0af54f922e36639ce19cf8261997b094e66007aa823f94579e617059404ff00d49407b83eea805d47d849ec40ab5c3b186199311ae58dc38b7460d755fab4b76bd6b9778e7c669f4d5e92a1c34eb222c8a6eaca181ee08b8a92b95a968a28a027bd2525e92f54887517a6de92f48cfa6d19a92f419d7a2f4cbd17a40ebd2de997a5bd00ebd17a6deabe371d142b9e691517bb103efa616af484d715c43dbf8af930aa64f0e6ce07842dec4926c07a935ca714f686696662f2968d4e80e68e0096249394879881b8b2ec4dada0a985a1e91c43da5c3459fe7339417658c17b7f115dbe35e3dc6318d24ef8923c2a4ca49dc28cb0ca80f5ca4bbe5d4d803b1a74b32e58d23babb5eca0051c84398e508d9559c85ba816209d5ad72a92e468ec9cc490195e337b348cbcb786fd74286fd73a0e96ad71c643db4001f0fced54319c391f7507e154b85637919609583269cb9343e0203461fb5d4861e4c0574197ad656595d1a994db979b8585d905bd2ab31cba05faaba7c44555530be54e54cc2b989a57e8b5519dfb1aed7f4007a7e350cf805ed4e650ff0015718eac77a930585b1ccc01e963bd8e85c0ebd40f322b72486319ae7dd1a28bdddc9d1011b13bfa0f306a848fe30cc54160a5caa80a8b7170a174d028d075ca3bd692b1cf538898936e58213666dee4316b16ed9480146fbf5aaf2df445ddac5d7f78ec7d00d6fd2ac4049bc6c72460e809b0cebe9ef335b7a4c12966335f2c998f974264901d86500e94e33af56f93ff006e6029160240c8c80469235b23db455cdd1ba5badb4af45bd7cdbecd612567cf17ce37ecbde6b0b005d4eeb617d0dcebb6b5eb3ec67b64b2a88b10caae3637d08dbe02fa796c7a1396787dc38ee2f453338ee3eba5ac949f3525e997a2f4d27de8bd32f466a46793497a6de8bd00ebd17a63c800b92001d4d737c5fdb482256e5da4607285ce9186622e029723369a922e00a24dfc1ba7bd51c7718862b0790663b28d589f203d2bceb887b493cc99a6baae8c52205ec0ff00771960d96edef12350b6d8837e731bc4804be7955a506c10a80b10e8a8329198e800fa23bd6930fd876dc5bdbd0f99207118500b49ef1b1360100d6ec7406de7dafc7e2b88cb20e616121b9118b169331f79c16512655dbc2d6b8d869503c739c9858889cdc33a91ccb4ac3c2ac8de30157536d2c076a6e3e28de41cd80c5044002e8ac3c02e3dc73959a4617d0836f3ad2490277492458a17831059c922ef39558dbddd1909072e67dc102c29aecccc4a88d2494e5417bbac40e6d0b970080aaa01ca6e87bdaa3872499d8bc85a5b8b055d2300199bdf62405c918b29eb59eeeb2164b08cdb2004b919777bdf50dee8b802e49d35a6177087f4a91dcf8091955812b6015b229555d1982bd8e9a95dea48a7ce8da03ce3fa5df6b2a3319957b5d5256f48a2ee2ac60413220331710b2928cb2346d21755c97badc5c65be5175889fa5730c51d86f7cb88c8f20b1558f280c80fd225624b05d0d828b8b9a6193c4652ad0dfe7033147be550c1a2191acc2c09e63bebd397a8b5ea687894b857e5cca725c801af75b3152baeba1eff008d49331cd15c1548984d2050a755261863b9042dd0002f7057a1b5a93da601407601919dada8391b2a2f2811b3204ca74b1cbd4824994960f1e5657470ce922e646d2a64845af5c1fb3fc44c7205bf849af4256b806b9f29aaedc2cc90c961b0fe95cdf17e21e268d0ea10b16d081e3440bbea7c44586b7b0ee2b6b8ce28c5133a7be2d97b6626c2fe80337f21ae571a90888852a7dd5122f89fdd2486e8090080bd37d36abc27db1f3792cbeb15e67666750c2ea9e2726f600a93e2ea4dad71bd801a0bd5608240517c2a8b7b9d2e05c91e6c43683d3b0a9653721b2e54285954926ff366eec7a8196e4f6161deaacef70aebe145d093fb40373fbcc3a7415ab9b66cf2730731bc2b1800db4f0eca4776e84fa54dcb69cac489691acb94745005d6c7e96999bbe83a6b0e163123730658d14da35372336e49600dadb927a902b5b0d1002f2873238ca962a5b21ea736e589195bf781d6d4fe1326d723c2e48e47589502811a598ac8ce7e9005ee45aec6c35f0fa53f12e0a472928b312d62c72990290b9994d911b53be8c0e53be8cc761d1da3c1e1c9565b0f1329532b0ccceac156d9576f5b56ccd889949919d55200b14492bc6013e33d8e60396e6fd405f2a4b6767c4ffd1c7fe5a4ff00ba8a8f9f89fd8e1fff00a22fc696827bcde92f4ccd4035ca125e8bd477a5bd233b352e6a65eb9bf687da6589c61e365e6358166202c7998282e7a13ad85b5b1a726cd89ede71c9241c9c3a6750c55b7ca59555883a8b819945b507375b572d3e1fe78c6eb09582fccf1ea6c6d26658e404b33f86c013606d5531f8100428f8846639cb16126acd2a212c48d49083cfeea971c221ce89573b9c4fbe6e23c8cd885b041a900f8ae762de95d126a68171c659b951432e677f9c2b7688892439630109b6809daade39a6cf248e3990e182a04611c809425234655d4f8f39b8dbc3d2b3f02d13cd24e5b208c3385752eb7039512061dd8922fdaa3c4e1c5a1c3c0e7986cc73af2c995d465b386fa31e526fdfca9826072647c4166491895439798b9ceb248a41ccb97a6f6b11563f47b08f0f162723359ded1cea0315ba87b5ee12300d88d4b0a9dd099024987cf140a41631392c887c77788f8b3bd96fd77eb5119d32492cb0b23cae50142d99575925fef0ede144db61bd069b1f3910f871296626345467d6388df531a2df348c2e5b7b565704072bce622ec9b31e69f112421214806c43c9a9fa0b471a64cab0a6705511733b28b48e7390caa2c06690ea4ffe956a41862130f03e210464f35873d9c72941551917bc71c9fe2a648f1e8f0aa44f008f25a491d6125849973e5255ac72aa85f1684beb462994191729ca9880523209be6137898dacc48ca2e01cc6cbeea914c861511c939747695b96222258cb12c2596c05f38d32dbb803ad5ce2b8e7c5625328e5a410f339798662caed1a274b378b305ed6d8b58282b3db11142c5b13168ed76d4a48406cec809f78b3055b8d1406d5cb1ae538963b9842adf20d6e7766b0b96fb47e3573da0c0cad267d596d655b9256c006503a5bc3f02bdc564e1602ec1546b4c6316b86c65a4503bd7a7c2b6517e82b0fd9ee0a22f136f5bf9c573e796ebbbc786a396f6bf0f3a4e6262ad1ab8600b596e447186206ba664256fb303d4db9cc3af84e6b31041fdc4f16a5ede66d6f4f215b7ed7e354b650c2d18b69fac7c6de5a6541ea6b2784604cd1b0cc5145b31dcb35f301727402de7b9eb5bcf870e7a995fb44f2dc8624e4ca0339dc8b10caa3a589365f4bf611c383799c2471b94b854b06d75b066b03af9faf6a7e010e218425822039b50c44600f19ba827e3e7eb5d4f06c3ba97c4c52a9e525d0098a3076f044b662361bff0015eabe11ada9be1232e20e5e48d0152ea1c36543f38e55cd9b335efb682fd2acc18d652d3a4ec5215ccb1869108dd62408da1d4936e86de54fc6cb2c186512367139cc7332ccbc95d81dc82c75e97cec2a81c13c8c91c0a799705a30416599f450b73e2555b5e9292f0bcbcb7c4c8ccb2b9288eaa1d59daed2c856f716d751faa475ab30c1022c513b48549e7b84882592d654f9c27531c7b77980eb562519a5585b0ca63854863fa3c999956c6566c84662cd953ff351cc2773748d229677b851647cb9b225b392f97386ec08801d69293ff6b47ec4ff00985ffb28ad7feca4dfb39ffc71fe34b4279feaf49268cd5166a5cd5cc9892f4b7a8b3555e298e10c4f2120586e741ea7ca85327da6f69722c9161c33caa17395b5a3ced954b31d012761ea6bceb8ad89e6b6a44cca112e3c62388a349235cea2336dcdac6e2f6a9863965955b22a46f2ab5d8902d99434b213be665bdad7b35ad61635a29551678590c8f6cc59c120491c8a199631a9cd75d5ba0f3adf19a568fc64d13cf87f04ab7485884756d5e6274cc341a537193149279a15754579b5660d77e6b22ab81d2ec46d6de9f88988c4c01e08f45c38b1899340ec7a5aa8f10f79a58729e648cf6894e8aac485ca77f1b9f5dea8be967031c5fa32c791834f2652c25b2f2a3f016b5ae0891aff000a4fd251b3ce5396ecc5232a49caefe262c8d7cc152c2e2dee9157714d2e710c702068a25843088465a470031ceda0279a75ef1d331ab234ab8796369238414b907a1bceeb247a6ade0bdf427b506ac231140ab14c4e72aeca8b329118cdc90d6d81c8efbfd1a7cf346eb8685a184e64ccd60eadf3d2063700dc9033d4fc563c4308c462c65532648a50c0194ac70a9d49395172ea4f5ab38c3889313242cec8b97941dd4200b916124bdba1998e9fab4063e315e49628e5564695da501510140ed923503629e266dcfa9abd3c905f1122998a247ca519634f016110d6e6de0498e9deabc38c0b89c44ec91b2e1d39716766b0600c5184607552ccc47c2a5c1ba32410c70477966bdfc521c88562b653fc52b7f29a043e5e499a280ac8ab1280f9265376204b31bb0badee174d89354d1e3292b89195a5cba32850a9769591986805a38d74fd6b75ab13f10661889a48d6cfa2e68f97acd25fc2c00b100aeb51a410b2c6324aa6476d983d94b2c360091a7cd31b9edeb408b33aaa34a0c81d912272a818832a8810e662006044f25fbdeb98e34a20c4968800a7502f7d342a49ee54a93e64d6f71192132cac39adf3b96cd9541557ca86ebff00b0a6b1fdac9012802a0b08810bdff44841b93bed4ce71d1702c79963b9dc558e2dc43931e6fa6da462d7f1773e43427e1deb23d94b2c0ce48001bea403bd80173a927403a9acaf6871eed22a08b2e9954b1cd60c0aec3407c44f9123f54138e386f274793cbeb8ebed454e76770a4a47a163a92d7cc4ff0031049d3417a861c44925fc6480a73eb94366766034eecc7eba58f0d2105620582e999350ccc6d98fd80797c6ba3c25f0d8555603e7242c5658fe8462ddafef007e35bdae392d2f09c2451e1a42c8e1a461086460da7bd21ca7b8cc3f96af478389d62839aff3adce92d09baa105535240bf2c16f2257bd3a6e5111c4d02858636798a3c8016639dd14281adce4163f4dbb545fa6272e599a15cf337294a4af745de52b7dc00aa82ffa82a56a526243621b100ab42b6234caac8a488a32bf4493a81dcd4f818a3557c4172ae0e54cf197533b8bb10ca6f65537d46d7150e1c3c71031297121e63593382078628dd7bdf5f5157316f1de3c2f2d6e83c6d148e873b02f2384d4689b0fdeb505061b0d68963189fef0666ca657cb021d1983155d5aefbeb651d6930a2262f306c82341923951557315091a6652403974372757f3a931b88291977c3c69cf6ca165476cb874fa2aec7baaae96b8b1b531a38f95125a48e494f359542badd884846ba8dc7f8280a5fa1cbff5b17f99ff006a2ba8fec970ff00fa8c47f853f1a28e9fb4fd7f4f44cf4ecd5066a5cd5ceca26cd5c27ca1f1694c91e1211a37bdb6573bf29bb28b663f0f315d7e371423467636b0ebdfa0af29c44ef1cae86d24b3db9995ae32b105638dbe8b9245cf4b7f09abc2776b87631a2c862072c2ac42db567c404bc8cbfb858aa863a2864b6e6a2e252bbe5960528258eec54d8f3115a3939929b5f6072fd9a0a92448591c4b6548872616bd973dcc879a3a840589efe01716a8984d3e1de3750ab09e6d8f82345d619801ea4377363e55aaa2cf169e68b10b2191bc0b19256559080158e809df5aafc3f8797c5471c24b08954bf88232e4533484dc8d2e547c69324726222bda4cea8180050065cccf95be97b8c3f9aa2c0c68eb8c9f98814a940242436595c8016c0e62102d04bc8642e65c4c96619a702426639f444f083a59f1045ff76ab1c1a242b18c49f9e00d845211943e58b3026c4b392fb7d15ed53b411449382ee72989072d028bdda597ded6d9e363fcd5679501c54115b103208509f9b36e5c4663a7a9a0cb260124c70559a021194025b97611c7cc1a1dacc40a830b26449f1324bf4498cabf34096466b7307d11671e7a795370a612313309dc1e5b95bc5720cd210874ed96a9630c6215850962f23481c029623fe5e34319dc665737defe940ab5818f1387c122a092d33996caab20648f450373ef58fc6b52418b5761f380e1e0c80d922bc85320d743ac9886ff000f95564c0038948d278b970855244a63f0c6bcd7620f73954d579e306169249a1cd2cc5886919fc28a653adb4b3cc07c0505c18f4c4458552c24caf2bc8431e602b12f2c0b5ce970a6ac4588891e2270f0b1830e19ad98667b35810362c64dbcaa0e23c3251c9816cc0448adca92fac8c339e9d16f6f3ab78ac5e20a6208325b3c69a22aeb1992422f61d62077e941a80849894261019647b2fcdcef750327bbb12656d091dedd6b37db2c43bcca920210c998008a9f371aac375035d554917ef5d34984c426214397ff0096885f3cdfb3c39936cda1cd2035c1716f9b9086218aa222957cc33101d893d6c0dbf9a9c2b75d58c1cbf3a9cb05e4b84443a0272d9c823ddd4900f403b0a91d12625b39524e4e61b9424dcb30fd50176fe2d6a3e10c21825c472c17981821560490840e6c887a1ca7286eec6ba0ff0086c39a1c28774601518e5cea64908695c5b5d145c0e828a9c7f94586e06c890c7149173253ccccb381a1bac59b6b0b02c7f82b594e2492e859e2c2c60460c91b5db3658ee4def9a4b9df508be755d444ff00a4621712a2c9923bc2c00e611146413b108a0ff39a865e1f970e991a06e648d2595ecd9225c80588d05c291af53494b092631206b738bcf28517018b08c83a358ea66700dbbd57e35886795709202c918e50ce811ecbe29a456b0d49b8bf71e75766c1cf13aa3137c2c42c1a6014ced94e9e2eb24b1b7ff1f9564c85e381966ce79844281fc46d7bcb223f53707adaebe7404dc0e1667389490148c734859796e00f0c2854db5bd8fa8a9247c4b2fce4ea249ce519a4404de400d8c776b34961a9b5a13d0d11e1622208019c994f31ec9102148390024f48d19bf8985311e1694c91970918628b22a05645192140536245cebd4d0752639a5330c3dd84632c2038ce9940cd259ba6808b03bad4d162e279df1070fe1881619262aa720c91003a0672587a545c2ce270f1cb378c10394a72f310cb2789cf5b5858f436bd40d8d54c37f73872d23dc7cdd898a219556d7eb2366f80a0695bc1faaffe65bfeda2af7f6725fd48beca28d8e7e9ffd9);
INSERT INTO `user` (`userid`, `emailaddress`, `name`, `password`, `profilepicture`) VALUES
(6, 'ferintaylor@gmail.com', 'Pashme', 'admin123', 0xffd8ffe000104a46494600010100000100010000ffe1003645786966000049492a0008000000010098820200120000001a000000000000003230313320476574747920496d61676573000000ffed005e50686f746f73686f7020332e30003842494d04040000000000251c015a00031b25471c0200000200021c027400113230313320476574747920496d61676573003842494d042500000000001027acb7acb2411b0a42e75c32da87c468ffdb0043000604040405040605050609060506090b080606080b0c0a0a0b0a0a0c100c0c0c0c0c0c100c0e0f100f0e0c1313141413131c1b1b1b1c1f1f1f1f1f1f1f1f1f1fffdb0043010707070d0c0d181010181a1511151a1f1f1f1f1f1f1f1f1f1f1f1f1f1f1f1f1f1f1f1f1f1f1f1f1f1f1f1f1f1f1f1f1f1f1f1f1f1f1f1f1f1f1f1f1f1f1f1f1fffc0001108010c010c03011100021101031101ffc4001c0000010501010100000000000000000000040102030506000708ffc400421000010302040404040502040502070000010002030411051221310613415122326171148191a1072342b1d152c1153362e1244392f0f172c23453637382b2d2ffc4001b01000203010101000000000000000000000102000304050607ffc4003511000202010302060102050304030000000001021103041221053113223241516171068114425291a11562b12333c1e172d1f0ffda000c03010002110311003f00f9b20369014a312d7497002802161b3101d1183e344010c280c88eabca88240f08f185042de9dd661f64a58885cef1144460923af222044ed3e140b4e61d54149c6a142243ec48b0d4a8355924787d5923f2880eea50dc8d10d1657fcac21d80d4496b3d9fead4e897c546c8f48cb2f744aee198dcdf04f6775cc3f84be29a3fd0efb4859386237b00866caf1b978d0fd1159a832e876bcb2e48a4e149447f95287cb7f291947d532d42f72997439d795db209786eba3883db691f7d58ddfee9967899f2747cd15c72c6c986d64506791966ec7adbe899644ccd9343960ada20a60e04822c999992272754a30f864b3d020735de15020d293994a168961786904952829060a8616dae850681a5249ba342b41946efcbb2080d0357ea1ca3244cdd48f1a832219fcaa20481131587b743740b1093baf651028567950188bf5a228433740644753b2888c8a11e205114b163ac8051048ef11510ac189bbd122096f9501c465c950945ac1404b585ce00ee5bd6c91ccea60e9ce54e4e8b18638b2e6118bb4686dfdd54e4cece1d2c23cd223971ac2e99a79950d7483f4460bcfd469f75141b04f5d831ae656feb901978ca95bfe4d239c7a17b8347d0029d617f2639f5d825e5837f960f271a56bae194d0b474be671fdc26f05144bafe4f68c7fc8d1c5f8bb85c470103a643fca9e0a2bff5dcdf11fedffb1ede30c65c748a0d7fd0efff00a43c1415d7737c47fb7fece1c6189c6e22582236dc00e1fdd4f050d0eb991778c42e9b8c295f66d4c0e8afbbdbe21f4dd2bc2cd787ad637ea545a16d0d7c19a291af61f2c8cb120f629549c4d5974f8b531b4ff7456d6e1afa7687876769d3416b7babe392ce0eab412c4aeed0087e4372aca39fd871ac711607452836379ae3ba340dc3db2a944dc48243dd4a258e12b90a0d8f6d53d9b141a191cfab2f690e4a4d854d48f1a80a079fcaa21640898ac3ae94b10c7a8163dbe550233f52804899bba8123a8d944063620a302090e5084531ea8a03206eae50083a9e033680868035252b7469c385cdd22c69206c4d0c00389d4badaaaa52b3b9a6d2a87db23abc5a9a90399fe6d46dcb1b37ff0051fec8c60d8351af862e3bcbff00ddca3acc56baaf4924223e913746fd3afcd5d182470f3eb7265eef8f85d81131947b1b98d9020f7416df62a108da4b1e142167046e7db20cc7403e683190fc470e34a01947e71b1b7417d504c25619251a74f44c06c9692b67a5939d4ef314bd40f291d9cd3ba0d27dcb706a278a571746cf02c620c522746e0d655b45df0f4701fa99dfd42cd38b89eb341ad86a22d3f5fbaffe8662b833e70d969f2b5c2e1cddafec9f1e5aee63d7f4c73f343fb141247245218de2ce6e842d49d9e72707174fb9c0a25648d2a1090150363ae54a2588e295a19322738848d16c6442fb3902c71b06a8160a233cd02262b0bbec831d0c715062569f0a011a3cca111334281229d4158918d1422246bb550024db2880c653479e5008397a90a49d1661c4e72a2da263033c0db6aa86ecf41870c60b806c43168e06be9e1b99b2e53234db29ec0a7842f9336af5ea1708fabe7e0a2579c111421ca10734b81b836508170c921163e2077ea81071a5ce416f528584d1e0b87bb299cb43a281b9cdfbdf41748d8c8a0c72a2592b5ef7b83b3124386c9e280d81c1e2363bfaec88021f47b168b0281058e3aaa791b554e4b6584870b742146af82cc5965092945f28df5157c78a50475513031cf396560fd320dc7b7558dadae8f758350b51894d7eff0092b71ac299239d336ed99adf101b1b2bb164ae0e4f54e9ea5735ea33a0d8ad67976480a8024695083ae89047141908643a256878b072eb15597c64366199975113246d01d9319421fd101d1195024ec3e140611be6502820281209b750562b068a00e6f994021f231ced1a2e7d14b0a8b7c20ca6618dac6dada6bf354c9d9ddd2e1d914bdc8ebeb8d2c058c36a893ca7fa5bdff84611b1359a9f0a34bd4ffc22856838028508228414284248daf3b6c8102e3162096ebddbfec804b2a0a37cd336d7d48b1d2ff741b1923618cd3c58670f08a3bba692ce7103616d891dd5682cf349cbe57971f17756a11935344cb5cedf70880b28c0c994f89bdd008f639b9b238d9d6b34f71d8a8409e1bc506178abe8e4205355b831d7d6c4f91df23a2ab2c2d59dae89adf0b26c7e99ff00cfb1ac960782f7482ce1a58eeb3267ac9c3bd994c6a8053b9b331996392fb6c085b70cef83c7754d1f86d492e195cd72b8e49202a00766442217204237eca05033f755b2d88ac37163d5296aec45c9fccb2253b791af7044ad3184a8312b5c32a0416320b9063a61175062094eaa0ac919e550823078d400546c2093b68926ce868f0bbdcc9c3dac6735e7c318bb8fa055a56751c9456e7d919fa9a87d44ef99fe671dbb0e83e4b4a5479acd95e49393f72244ace5082a841c37b204088d97e8a103a9da34006be9ba032347c374334f5acb86b2c777117ffa52498c906715d487cce6c2ed6339246374d1bd5bdfd92a1a8c3c91384f9858876a08d2ead4c4921fca735b99a41037e842220fe73e3b107c2762804ee737507c87eca1016b24b96389b96ece1d910dd727a4e1f513e2584d256bc8bb9b9263b789ba15864a9d1f43d2e479f0c66fdd72415d4e2a227b000435a7283dc2683a666d661f120d7d18ad438822c41d9744f08d50f6b90145cc02841a646a8118e945940a217b8148cb1311a7548cb1326d3cca0d5c8196029cc96772c140963c345aca12c4166bc5baa0c78b0907440722937500c9631e15082c6dbbd06c7c707274825a7c40dee154d9dcc71a490262f396c6da769f378dfec3609f147dcc5d47352505f96552b8e41ca10e508285083dad713a6a8102a18cff0049b940259524209b9ba56c748dff000951c5096ca6139ad70e235fa954ce45d1899ce2863dd5d33da352f21f974b9e8e1ee9a2c128997744e2fd4ffe7d95a8a99333380411a8d01ee88841511386ad1a7569dbfd94002095cd363b764424723c3b65086ff811d2cdc3b3c598658e775813aead69d964cfea3dafe9f6e5a66be245bccd6b63118d5c7cc55699d2c8b8a31d8fd2fc3d7b8696700411d56ec32b4789eab87c3ccfecad2eb0571cd227cd650842ea8d7742c8466a2fd52d850a25b9418c82a185ee173a04283be8239632d94a278ac0422542a041422118ff00f31a830a086ec94b08dfe60a0184307854189230d17bf5d924cdfa18776491b6eecb7b0defe8ab674625254cc669df2f471f08f41a0fb2d31548f3d9f26f9b9112254728439420a14204d3b493b5d28c916f45873a5234d075291c8b230b35583605197073ac6da836edd953399a2188dbd0e1e23a5321d0e53771d6decb3b9f2698e2e0a3c5f0235303aa1accb2b8916ec7668fa85646624b1f0636bb08219cc2d235b387aeeb446465942ca87c0f613675fb34eeac4ca1a19cd0ef0bc78ba22281d4c206c2e3a8ea3d91201b9b6d46a3ba20371f86a247c588c4cbef19d34dc382cba8ee8f5ffa5db71c8bf068b23626731c6ee37b3550775aae4a0e24a27be9054db561d47500ad38274e8f3bd674ce50dff064e47d82d679504964295b2115d0208a10368600ef1bb61b2816c3d400aa10af0a0055082a812298d9ed40889a37e896874c5ddc1408530785418735a0e9d7a2ae4f93aba38d448eaa4e5d248efd4472c7bbbfdae8415b1f55936e37fd8a65a0e09ca10e50849142f91d95a2e506e868c6cbba0e1aa896ce7b0869eea9794d11c05ed270d5ad66d9bdfbfb2ade42e8e234b8570d83e22db46363bdd572c85d1c46cb07e1968cb9e3b308f15ef73ebecb3cb29a6188d0b70aa77820b7246c1622da9f654ee2dda5754e171b8989e34945b4e96bd895629892898fc6b04fc991b94095b7cc0ece00f982d30999726230b8ae1997c40100fc8821688c8c92814151110e39859dd1c362ad4ccf288048f75ed7b74bf64c2104963e368b5fcc3b15086dff000c9b519311317ff487cfc4b36a7d8f5dfa594ab235f5ff0093442217e64c740741dd5077abdd8257c3255d3cc3ca1cd2d1ebec9e0e99875789e4835f28f3daa6ba373987706c7e4b7267839c1c5d30071b950411420a05d40a45ac2dcb1b47a20064a0a2015420005082a841428121a8f335020f8f6407246ef741910431ea0c8980d2e371baa647730c6a280b157782268fd45ce3f2b04f8918ba8cb88afdcae571cb1cd693b21614acb0c370992a660d70d3afb2ae7928bf1e2bee6d30bc1f0fa501e181ce1d5c3427b059a526cdb1c691a9a0c2e7a9032c591aef31d891d81d80f9aa5cd234471d9a3a0e1d8de1ae7b010dd1acb7840ee4aa6590ba388d0d060f0b72bdccb86ff977dbdff855ca63a816f04009b34651d3b92aab2d48b08285994308be73777a952c6da3a5c1639058335049b7a1dd152a04b1a65557f08d2d434b72869b5c122c41b27595a2a9623cff0088b80b10883dd146658ddbc63707bb0f4f65aa19d7b9927819e658ee01510971c858e1e66385885b21330e4c663ea98f63c870b382bd332495039fb14453d03f0c992b70faf9180ddd2b1b987a349ffdcb26a7ba3da7e978b58a6d7f52ff0082ef960bcba5759b7f2dee4aa8ec50c90bea5fe02191b363d2e8a2ac8b733cfb1b616e213b4ee1c56d83e0f0baf8d6597e4a878b14e611aa107374418c8b561bb47b2228f0a0055080281054482a81229c5dcd40887b068958e4a028350e1e8a052b612cd2c77eea8677a1c0062c7f3a26f68eff005712aec5d8e5f517e74be8080b9b2b0e796b87d03e673226373926ef03ec151291ab1c0dbe0fc3e6266690de476b61b5fb059653b364206c308c3a9a3398b03a41e1b9d6d7ed754c99a61146c30fa7610d66516ea3b2a19a151730d2402c352d1d09362abb1d0639ac05bd06c2e88c494f95cfe9bdbba14145c5388b42357a8351382dcc6c45cee9184638b1ce3a6da14094432d34720b11a1e886e176989e31e15a2aa81ee0c01fd0816fbad3872b464cd86cf9fb8b7879d4d2c8d23569395d6d7d97571cece4658518d73329b15a2ccd47a3fe1bb64ff04a92c1a9a822fdecc6ac7a8f51ee7f4ca7fc3cabfabff08b36c2f7bf34aecad07aeeaa3a495be46ca4ccdcac02389bd4a6455939fc188e27a7e5626f398383c075c755ab13e0f1bd5f1edccfeca3923569caa212c214b1450d3650b12e036964bb2c770a08d040288a2dd4201d9020baa8117552c835edbd8a8c311cd094b11205061cddd07d87c5ea44ec02e35d0aa59da880e2cd2278cf78c7d890aec5d8e5f518d4d7e06e1d412d54ad0d166df572939d1971636cf44e1fc1e08230d0d03fa8ff00bac926d9be292469e07d1b1c1af9597674247f2936b2c5348b3a69e94b7347235d6ea083fb247063c7222d6831681b2650f07e7aaade365b1c88b78b166660dcfad8155381746458c35f1bc0d76ec9687b399571349b786ceb91b6b74682a458478a40d3e175cb6d7f9a1b43e2242c98ab2205cf706b3abafa0f74cb1d95cb3a44438b3048ee65ab60b6b7b84ffc3bf82bfe2912d3f1970e54ccc823ac8dd23f46d88d4f6492d3497b061a98b75619594f154404e85a741d553545f5679171f70acef0ea98a32f8da4b4d8741fc2dd832d1875182f93c5b19c2d94f3b8f95c3c561b15d184ace4e485335ff874e99bc3b36517bd4bc816bfe96acd9fd47b6fd36dad2bff00e4ff00e1069712417bb42741b9486fb1a1b24cdd2c1bb93b050ada6ccaf1744193c167076669371e8569c2f83cbf5c854a3f833cae3822160448384632a03aec46d258eb8444612c99a7d0a82b89266d140502dca039d72a128eb9ee8128e50839aa0c481408e6f9820fb16e1f5a27880cc01d8feeaa67671f705c56373eb2160eac007cc95641d239fd455e54be8bba4e550c1cc70b3583eea9eec1c45103f15c6eb8e582474719d9adbb45bd6cac49233b94984d170a62f54333aa0877e900ff00d84af2a41585b25a9e1de2ca56692bcc4360d791fb15165891e2922b61afc6a8e4bba49811d1ce36faa7b8b16a48d7e05c715350053d43bc6d1e1908d4db52151931234e2cecdf70ee3f34b73234bb4b8b69bf45927037c325926278dd43497c4d706341713d2c8c60813c8cc2e3bc658fcb23a28734716a031a3571eee2b4c6314629ce6fb19fe7f185749cb6cd39cdb5de4347f0addf1455e1cd97b41f8798e5534493d7344845c9b971f6dd56f5290eb48fe4226e01c7a8da6582a798f61bddb716b6dea8c750981e9a48bce1ff00c47e2dc188a7c422756d3b74cafb070f4beeabc98232fa2dc5a99c38ee7a3e138de178f5209e1b88c0cb514ef1e3613d08582707097274e191648da3c4bf16b871b4150eaaa6d616bcb1c06970763f45bf4b92ce6eb3152b4338120747c2a1f63696695dbef6b37ff6a39df98f57d020e3a3bf99308e5816e675d40ea90d74235924a1b739631d4ec895b4d99ae2d8446ca7b3c3c1275ea365a30b3ce75c8d28fee664abcf3872841e3caa0f1ec42edd110e0a0c4973977408354145408728439420e0a050f0a0c3dbba12ec5da7f5a27807887aaa59d8c7dc91f4c5f5b4ef3b65cbf36b8ff28a7c14eaf1f9d4be83eae9649dcd8cdc44dd6c3a94b17465c91b2589d1d180e78bb86c00bebf341f20a4847f14d631ae14d7718c5dc183403d5c7fb2658be4ae59abb12d163d89d6e7654d5d35378496473c92dc9d000327be89d62895cb34ee8e3155491b2a1f1ba06cce73227bddcc81ee69b101e751e974ae2590c96ebdc91b4cd63b398cc7346eb3d846a0855334249f27a6700528a9000d07aacd95d1a3123d2abf82a924a0324910371d34bdd66795a2f58d33cd38970ca6a32f7321b91b69d95b8e4d8b28248c054d5e20f74c620f7181a5f24711c8d6347f5bfbfa05ba18cc1932d0981e3fc40e75d9f0d0346b69ea8b1eebdec0025ddbb27f0a2ca5e79c59a3c3b8ee491ad154ef859dc72b04e03a27b87e96cecebee1533d3af62fc7aabe19a4a0c430cc41e69eaa9c4553619daf02f63b107a8f559dee89b128c8b4a2c2c504e27a207292338693623a02124a7b9723421b5f045f88380b312e1aaa9b20e63199c5b5d06a9704f6ce87cd8f745981e1ba034dc2d4cd22cec8f7124dbcef276f6b2d7925723d3f4cc3b34715f57fdd91d98d233789d62437f9502911f8e5b071cadd7d912976ccd71735b198230ece0ddc1de9a2bf09e73aed2515f933655e79c111b20f1b5901e240edd1118ad442893f4a011811145408728415020e685028902830f60d52cbb1a748ae64d00bbc6ba2a99d6c7dcb38212e7c64eed70d7d1dff0084b65ba9c7e54fe0d5c18737939f2f45536617129718c12a2669c976b4f409e132ac90b4438253c742c9639e984cc95a5af00d8807756ef33bc161347c35f11500c6e2d8ef60e7b466007737f96caa7245f1c6cdbd5d336a305830685b043490b7280e639cf2efeb2e2478afe8a78c45a4576ccf4b87be088c150ee74eccac6ca377346d7f50125db2c92a47a47e1ad116359717b9d965cecd9a78707b2bc7328f238696dd63922e4aa479c71960d2cb4b3474ec1f112121af76c01eb757e29722648da3cddb49fe0c67a49e9237d3d4332bc35c6f622c497b80bae8c7359ce9e96f93267865afac2e63e16c60e934970434f52d03f6445dacd65761f823b008b02c369dd56fb174d50f6e50e79377386ff25678892298699b76f90ee16fc38c6e38e3904ee7c6dd59149e2733d1ae3adbd165cb9533760c2d1e8d85e0f530e56cadb742b0ccdd14178ce14c185d5c5974744fb03ed72845f287ae19e33f0dc8c2638812d1cb6f85c6fad86cb75f27abc78f6e08aff6a2b9ac8e3cc4f89e06dd354c67aa05caf91c4bdd91a06898cf57dccc71646e64d00be669692d77cd68c3d8f31d7554a3f833e55c79f11420e0a0d1227ee8a1588d28822c93f4a858302820e4007224142011ed080478506248c5ca59f635e8bd6490ff009a02a99d387a8baa50e1ed6fdb5fec919d0942e0d7d1bdc2a213d3c62d70a891ca45a1c15b31f2d825dc36db399c17048e048dfa843c40a81630f0a5340dddc7d2f6fd92ee1d4482ae8a1a56ddadbbba3426520329451e79f9920d2fa8fec9eca28f41e0361cde97d165cc6dc07a7c0e023caed09dbb2cf7c0f25c8062786b676916dc6e953aec32a6b93258970d324bb648c1b7a5c59698e52b78cac8f81b0871cc58013a1b1207d3645e56458d17141c2d4505b96d04b76ba494d8ea09173042611999b0ea3d12596248b0a7959258dbc4db120aadc89280dc6d914987cfa000b1c08f9268be4ad7078062313c52b9b6032868682ba28f63922d634be914f296c51bcdeeeb58f606c9d18a6e90046c6900c8fb5fec899abe4a5e30884715180730398dd5f87dcf3fd7e34a1fb9972af3cc88a1050a0511bf745118d08884b7f0203df0460a228e05408a81072841e100a1e14187c760e0967d8d5a3f592305a600f7dd527512a91774b9b61dd2b3ab8d5a3d0786dc053440e8728fd9552470e2f935f45187e5b6ddd6791a225ac311631c436e76b9fdd56db2dda8492095ede9d89ee504c9b4abc4e984713bad93c5892546527a96070634eae75be6b4c51964cf44e0685c5d181b7758b3f736e0ec7a1be295ac0e1a596668b5493747473b1edb5ee46965111c6864f035ed361ba6a0c5fc9592617e2259f3f751d8e921b150cfb6a14521e91634b8648752ed3aa6ab299e54829d491c4d27e852b422c9652712d4b62c36a5d7f2c4e77d01460b92c8a3c27151286b412035c7bae8a3d76a13a48a4ad735b0b9a35bdb5f5ba7473f2be0159136e039c413add31438fc951c69918ca4630dc10e71f4d82bb09c1fd42d25048ca95a0f30704190e502863c6a8a2318888c7fe8503ec302841c1408e408382841ed28050f0a0c39bba49f63568d79c95e3c41c36d1548eb4bbd9714ef764b8eb640e9636e8d9601524d34763721a343e9a2aa470a5c499b6c2ea88cb63f254c917c59a7a37878173707420aa597261aca71949bebadbe6947b339c5930a7a191e06a0683d53c15b1323e0c0c714b0c90d4550361e323b5d6b3133d93f0ffe14c50cd9c6470b85832773763f4f06e6beb68db106f346676c15536818a12be51939e6a98a8be3630ee517176a082013b9092af836a90651633ce6b09d411af74d0633c699691e57ec6da6a98a5f012d058d3905f5ebfca648a9f3dc95d3c8d23c21a3ba0cad41302a8a971b879b6f6b6caa9334420918ee35c484784d434d8be41ca6fa971b2b30c793469f1eecb18fd9e3989b5e65634badbbbbdaeba08f45a8ee54d431af2d68272b4dc9ea53a31495b11b1c2640ecc4969f2a82d2be4cdf1a4c0d645137cad65cfb92b4615c1e5ff504ef225f08cdabcf3e284027150823b6ba282c8baa2250fb785008c08810e0a047040839008e0a04785024910b9b249f63668bd7fb123bca3d15474df62ce9647722e3d1037e27e52eb87ab7c0e613ab0b80f93924d1c7cbea7f936f855766cb6161a5955243459b1c2eb4398d22c6fd567922f4cbb64e728b6a5222c463b8ea799d48e2c172d20d87a15762ee5797b1e6d8d5763d5ac6bf0ea989b13478e17005c4f5bdd6a852ee63c8a5ec6bf8138d64a3a56d3d49c92b3431ef63e9e9d9519b15f63560cbc725df13716f1cd74d0c5c2b4b0ca63239d5139bff00d22ed160a9c78b1af58d972647e82f78778c38a2aa865c2b8929206d4bda5b1be9892d75c5b5049b1f9aaa7049f97b1a7172adf72ca963a8a491ad71363dd54cd099a5a1ad05b94f9bb9440d5962ca89184763bf647715382624d38734b7378ba5bf64ae418c28abc46b1b144f95cf0d8e305ce71d800352962ad963e11e7bc7557cff0086823702d713313e8d161ffecb5605566ee978b7e572fe9479e6261a2a1c1eed1a077bf75ad1d3cfea03c91d8c9b0fd20a25097b894c2212671a822cebf52a3042aecc4f144dccc62603cb1d9adf905b312f29e27ac64dda897d152ac394284082950234f954437b11a6107fe8409ec4411150f0a0c3820c8284023c2811e14092d3f9d24fb1b341ff00707d802e0aa3a95dd06d0bddca70df43f6419a74efca4f84cee8b10999b788b87b3b5524b839d9579e4becdc61b544c4dc9a3ba75b2a1a1226bb09ab2c8da1da1baa648d1166820ae6866aedd52d172657d73e19e4b49e26f64f174248c8e29c334d513f3208f96f26e5cdd15cb27c94b8fc1770fe1e31b431e23190da88ac403d7b855bcf7c0638eb93758570cd05661b1b4930bf2d9ce8cd8dfaacb2c9c9b2165850f06e1549345253ba464d13b33a473b317e96b3afa5bd90795b2c49772c312a263e116d5ed1b849658802964744ff006eaa580b315313d841bb81fec8585318f9eee1e83e680d7c15f8848c929dec7b4398eb8703d5a9e3c0933cb7882a9d518bce411cb86d14607a6a7ee56ec71a89dce978eb1eefea66426787d43cb893775beeae419bb6d8b3889ac6b0eb7d144195243a2e5c71b9af160c04dd1153491e6b884e67ad9a53fa9e48f6badf1548f9d6ab26fc9297cb070899c704027150837ba832233ba6118ffd0813d88814451c10187851905081078506438150625a73699bdbaa59763468dd6544b35849e855275f271209a2765240daff00ba0cbf03a63a4cd155c728d0386477bb7fdac8fb146ae152bf93538556647345f72a992329aa86b72421d755343c596347888735a09d3aa4712cdc754e2b0c6482e00ef72a2808e457bf8a68607025d9cf6e9a27f09b19492353847e216095943f0729e4cbd0eed206eb3cb4ed1aa328b2e30ee3ac0a92410b5af31f57dc037f4091e0916dc57b9acc3f88f09ae8af4d3b5e46ec3a387c95328344ec4bf194f287e570b8e97481522a662e25cd6e8f1a8502dd8ea796a32341201fd56519289838b1c75d0f53d940d9578c56c70d1c9517bb18c73efd2cd1756415ba11f3c1e4f512bc44f9dc6ce7ddeef776a7f75d147aa8c3c3c697c229a9c07bdad26d7bb8f64ecc9056c74f91d3f2c0bbc6a820cfbd11e2529187ccd8da0cd94d87b04d05c946b26d6275de8f3575f31b8b1bade7cea5dce080a3940887650832faa8111c35440c92df96a10182220e080c3c2841d7408282a0c89058a8312460e6bf64b2ec5fa657344d502e01f454a3b1995ab24a37f8f4ea1463e09721d52c3240481a8b3c7bb77fb208d3a886e806e1b35e363874dd2c91ca66a29a7324207d154c08929ea9f0b5c08f17e94ac28cf626cc62a6b4c8241c926d945c10af85515b6ecb5a0e1718852e59ea724b9f23320b787bb8941ce8d78f12917f47f84d8844e222ad639a2d98b9b98807b588baade5fa35434a8b21f84b5c5bcc9b152cecdc8dbefa69749e37d177f06bd99055708f13e0c43e8eb63a879272729c5ae1afea69e87d0a2e7197733e4c328f61f4788fe20e1557cec569c1a690dda1a6e40ee553386392e0cf1734f946fb0ac523ad68949ca2c0b893658a50a36639596a431adbfd129700d436692a406b8f2ade2236b76ba75d846ccff1cd77270c14ad700ea9786027fa4789dfb595d823cd9a7438b7e55f5c9e7388cfff000e63d8936375b51dcccf8a05a16b32be42741a04595628aee2c2d2e94cad6ddbd4a248ab764350593cae6b4dac0e5f5ba28a32d49d1e7354cc9532b3fa5c47dd6d5d8f9de78d4dafb2308958aa10e71508464a24388d940b27b786ca0b7c818440382011c1420b75022828047b4a814154adcc493b595737c1d1d042e4d9296e6849eda2a8e9357122a7788e417d81d7d93328c32dacbca79098c802e5a6e3dbb243b18ddaa07a297e1eaa4a73a069f0dfb6e3ec8b38f961526be0d0d15664d0955345145ac5231e739d956c74413e5048e8990ac586a4c645891d46e8b1e191a2de978d717a4778585d6b6ad36d123859a96ae8d1613c6cead6e5a86161275b954cf1b45eb5966af0eaba7790f63333ba38ac73b0f88e41d5b032a6222600dc681245d124aca1a48fe1a72c1ac64d885737656951a16d5b1cd04edd952d16a908f99a1a49d022901b3cbf8b7167d6e3120690e8294729807f56ee3f5d1743142a2767a763a86ef932d8854e67b5a75206a15c8bf2cb926634c74ed6d812fb0d7b9dd41d2db109907c3c5a5f25b51eb651164bc88ae8c17eaeb0738dd8ee9ec98c4b93078c80314a8b75795b23d8f07af5ff005a5f9034c633aea1042a10622823da2e02837b12dd3155f206810704064284022a8415120e6940361f402e0955643b1d3570d9335b795ed3a076a02acde9799a0595b924bf4d93232e55b656596175595e1876232fd764acdfa4cbcd0b8841234b6a980e6678251e83ca7e8a206af03f52fdc328aa43c35d74ad1cf944bea49c3a3b5d56d084fcb2f209daf6d3540069b02c1e298373b737baa324997e38a35f07076192c42f1e57817242a3c56685890751f0052e9231bffe2524b331d6245a4581ba9ec18dcb974d152e458a24a69c86d9c92c6a2aab69e36ddc05acac8b2b68045688fce6c02b368a8a6e26e2c6d0d23b23819e4f040deef23f61b95762c36c6845ca4a2bdcc007cc199ef98bbc4e2772e3aebeeb61e922b6c525ec09134cd58337bbbe4894a8dc8b28324b3b9a400c885813dfaa0698d375f0435f28f0b186f7eb6e88a2acf2f6229008e91cf22d945c0f5ee8aee5137b63679dd7cbcdac9a4fea712b6c7b1f3fd54f7646fec1d319ce5082151106284268ed9541df61fd131401a030a0a01438140615421ca1050542165859041baab21dae97d992d4666ccd79d3f8559bf2f124c6d54576dfba8995e6c7681e091cd21c3ccd3628b4518a6d7e517f04cda86b49d449e078f5e8529da84f7ab029a17d1bf3b2e6276e3b147b98351a7dbcaec1d495e5a0106e0a468c4e25fd1620c735ae6b85c6e1238959adc0b1205d1012640d7073bd4765464896e391e89458846e89a4bb4b58ac6d1b62cb9a1c62962162e046c0aadd965844f8bc25ba11655d31934525762d236a2f9a314b90dc9be7cf7fa5ac9d42d7d8ae4ecc6635c591b6631c4fb91b95a71e12994cca635c6d051c45d23c990f9631b95a6182cade448c9d1d6d762f59257d4ef62c8197395a3ad968692548e974dc4db737fb07cb348d8c0cd7162494a75a52e0970f6b5b4f2541177bfcbeca30e24a9c8b066465306bc78c8b9ba53426947902634c931793e1bd9aee898cd572b04e26a96d3618eb101eff0008f4ee9f12b673fab66f0f13fb3cf5c6e6fdd6c3c231a88a728410a841bd5420f8ceaa0592f444a80d4185ba8114142822dd020b7508282890b0c29fe27355590ec74b972d06d7c44b3313a91a0f65523ada985c48e9ddcd875dc6e8b2ac32df104959cb9330d8e8e5119724764afd82e8ea0c4fc8e3e07e881af065dae9f665a173834b8f8a279f10ece1d929d1be00e480c2ee643e385da968e9ec8d983369bde23e96a5ec717c46ed3bb7aa8cc349971418fbe17837b1ec5238d8761a8a4e337060b4807a5eca99622c4d87b78d9805df2fcae91e01d498f97f1099972439a53d004ab4e3ef2b6af88713adbba797930ff40dd591c697611ceccde2d8e360616d38bbff00a8aba10f92894fe0cb39b5157521d2b8ba490dae55dd818a0e72497b9aaa2818c8d8c69cad60d4854b3d5628a8a4976436474923db0dee643627fd3ba806ef82edac682c8a2680c636ee3e836094db5ec88ea6674a4003c56b650a21324ac5022862e68be461fcd61f5501c45598ce2bae74b24715fc23503d3a2d58a2790eb7a8dcd44cf1571e7c4508222010a211a374088919ba24912a2540680c728415420a0a01419151dda0bdd6bf40ab7337e2d1392b7c0d9a95d18bb4dc22a56266d2ca03b0f796cc84fb1674f9d4cbca9634c20ee76541e9a6ae25752bb972ba3f5ba6660c1e593884d4d37e5877740bf2e3b406197193ab5132a8daaf80ec3eb1b9b9131b35da663dc6c52b3669b3f3b64192c2f89c72ea3a8413364a14c06a298977329ddcb97ab7a14c998351a6be63c318dac91872d445af7b29464f32f52a088a7a371dede974b43a761914949daea31f6b0fa7a8e914691a15f0112453ba32f7dc37ba88a27229e6a574b239d6f08ea559654d8ea1a76b09a83e5d5adf7ea52c9fb1dbe9ba7a8f88fdc20ccdddbf3f7ec81d0722c707884864a890ede160fdd2b668d3c53e5965691b0194681c6d94eba7440d1cd58b4d4ef2d33037905cdbb0f551b263836b77b9598be211c9316426cc01bcc68ea41d93c5187559949d2319c412b64c464cbb32cd0b5635c1e33a9cf7667f45614e73844414222010a841a3740282218f37ba963edb24e5bb3591b2ad8ee8054251ca10e50813490e77e622ed6ea926e8d5a5c3ba5f41a2fd550d9d95c043216cb190469dd44cbde3535c82ba21148081b1dd36e31ac0a12b45dd2163e9dd7d5d6161deeab676b05389575d0be095af23aea997273f5507092906d396cc1a0ed7fdd035c1ee40d530163c90350a14e5c74ed03bda1f1e66e8e69d5133cd271b5ec5ae0f8b42f229eb0d9db4731dbd9dfca5944dfa2d6a7e49f7f92c2a3099412eb5bee3ec9371d19e9df704fcc8fc32b03d83f4b87ec89438bf724a783099643cc6f2fd371f751b62c71e36f94594183d0075c318f6f4d4b7f94adb34c74d89fb22c69a96998f68643908d347077ee95b63ff0001825fcbfe43ea2182701a6e728b168005be8504e849747c0fb3901d761113e2b324e58dad94a653289f428fb49ff604a9c0266c2d14ee8cb40b5f36a7ec86e3a92d254528d5001c0f120ed60bb4eb76916fdd1b33ff000d3f82ee281b043144c69f0819c9046bd52d9b1436a4908f63ccadce0b6226e0222b8bbe7b0ea8aa70639b4cd31e605a5c6da7f0a20e493aa8f051d4504ad12bc5cb8eddef6d8ab13395930c95b3215f15436a1ee9985ae71beab545f078cd5426a6dc902a6328d2880450835c880469d540a64f03ece419641866716bf5407e0aa4c6515ad2e361a93b20325658d260f2c9e290e51d86eab9643a7a7e9b29732e035f4cd85a18d1f2fe554dd9d65a758d522070b140ae489a95d670ba85b8a43ab63d7369afc94266886e0133799675b6f7d9091a743344b89d13e58dcf2db075cb3e5d504cbf53877c59534131612c76ecd87a276733493af2bf62db90d9a191fd774a7476da6cad9a07b1d9dadbdc789bdc2263c98da7688436176ad1f22a15a8c5f28bdc17887e0f2d3d6b0cf45b0b79d9ed7dc7a24946ceae8f5fe1f966b743fe0d4b30bc3f10a6e6d0c8d9633a92ddc7b8dc2aadaee7723831e58de3768a8abe1a9db72c01dec994cc7934124567c3d6d33b4ccd1df54d66378e51268313ab8dda9cc36d54a0c724932ce931b19ff319a7520ff28389a31ea29f2594188c324848376f64ad1a219d36105f14872b80d36b685297a9a7c0a439cde5444e9b03e8a0d77c2193b662d634020b6d9ada9511277c218f9ffe2038b6cc6b4837d91a03c9e607e6b1f1976972eb01dc23453bad09235b770e800b8f451025104aca0a7a9616c8c0e0ed45ff0074f193463d469619153465314e1c961cd2537e6337cbd405a2192cf2dade9328730e5142e696b8870b11b8571c46ab8634a828d2a0062206c9a2dae832c892e72a12c1112a2c70ea620735c35e83ad953391d7d069ff009997744e69d0e97d0752aa677b09254c19986c816e485a2b1ec037dd1314a244d243bb2854b861376b9846e7a225afb0dc3a5e556004581b8b7ba0c5d34f6ccd448c755b031a000c177bbbf60abec777d5c195c4e9dd4959cc1a35c751fbab63ca383acc7e164dcbb32c686a1a5a05f470b2537629a68b39a923959008fcee36b7b04b66a704e8a3c430c9e22e9a21e26f9d9dc774ca48e7ea74b28f9e1fb81b25cda11628b33c325f709a4acaba4984d4b2ba1947ea61b7d7ba56acbf164941dc5d334b8771f5447e0c4a9db3b0e9cd8acc70f52df29fb2478fe0ec60eb738f1923b97caee5f51e2dc3f88b2d0ccc121ff9529c8ffa3b7f9148e2d1d5c5abd3e55c3e7e1f02cf80d2385c3437377d3e886e634f4517d8af9386880e73458f4b27dc649681f701186d742496e96e84d8146d195e09c49209ead809b6a7adeea114a482e9ebea3cc5bafa1e88345b0ccc221c4b348496b813d491b841c4b639b938e214d24cfcceb03b03b15283e345be4635d4f50e7805a433623bfc94ec2a7195fd15b5f4752f19a9a5731ae37701adcf6d532665cb8e4f98be0af7ff008844ebfc44809e8e02da7f64dc19a4e6bdd924126252e80078b9bbad647822964915f8861d4d54f27533759183c174f19b472f55a18647feef933f558755d3b887c6728d9d6d15ea499e7f36932637cae015c08d0a632b4311032461d100a7c0b7445b3a9a1323ae7ca374b29517e9f0ef91774ecbb2c0e5045bd4acccf4b8a14a912c1a5ac351d542e807d2cac9018dfbf50959ab1493e182575298df980246e114ca7362a600f6eb73a7a226392248083a281890d4073240e1d0ee894e4b4ecd4e15579e2f0eefb007d4aae48eee9f25c4ec6f046be8c869bbb76ffeab2119721d5e954e15ee6569267c6ec8742d3b2b647074f91c7cacbfc3abc666127cbb1f748d1d7c597b174d8e9eb2aa471ead1603bd86aab7c1ba2d4999fc4f04735eea8a7d63b9cedead23fb2b14ace76a7454f747b15995cd3623550c89343b2970b01aa363edb3853971d9417c3b2cf0da8c729dc23a4aa7b1bbf2c9ccdffa5d708348d78326683a849a3410e3d8fb1a5b534315481ab9d1931badeda849b51d48f50cebd5152fc704e389f0e733973b66a390eed963ccdfa8ba1b1972ea78daa92945fdab17e328666de1969e7cdb35afcaef9b4dd0a61f171c970e2ff7a18f6b636173a9dc01eacb1fd9111c6976049eba99918639a41dafcb3f7d5148a27962976ff053d457bdc4c74d0bde3faec47cc27a304f3dba8a6252d2e3531b42c318eae71b28da44c70cd2eca8b0345c454d49cd6e59e388e67c2c377e9efbfc92dab34bc79e10b5e6af602671548e91cd7d2de42ed5a46c07e9b26d8648f53b74e3c96b4f4b57571364a81cb84d89859a7d523746f842535725c7c12d7328e9e1018d01a74cbd420ac6cca115c148e985c86b8653d1da8561cf724f800c430ba7a906460e54b6ddbe527d559199cad5f4e53e63c3282a28aa69cda56103a3b70af524ce0e6d34f1bf32221b26286c7745050e8620c635a353fa88ea56794aceee0c3b235ee58d21b1dae41dca43a789d044f4e40e737ca7cc07428597ce1fcc8485e5b3666051820e99661ad9e1cae25ba5c5f5d529b55495149574ee8e5735dd364c73b2e3a7442d394fba252b81f52c2f8c108832c6d066055263196fb3825669d14e951aea67099c5f21f035b66b4ed6deeaa67731bb76cc971150864c2b2069113c90ef423f95641fb1c5ea5a7a92c91eccae866746ecc36ea98c98f2345ce1f88ba3735e0edba468e962cbee5e5054c52412b1c067d5c2fec95a36e2caa9d8254608c7339cc60b3b5ca36bfa29b8596993e515f1e1e796f908232dc1046ba26b332c5c0c31b5ad69b750888e3c06d3bc36a2323f50b5877419645f98ba81e5b3b1e45dae1a8dfd1233741d3459cd0412398e96305ae16208ba44cdd28465dd15f5bc3f84493dcc0d6978be9a6bb2653665cba2c4df6046e0387c552630e94466c4358f7347ee8ef650b4708caadd7e42e9697098aa1cd2c2f3a58c84b8fdca0db346286252ed7f908e7524323c3631704e800e9aa14cb77c22dd20374ff13248e82a5919dc324047ec9a8a5cf7374d2fc95bf1f8a53bc9b5da372c21c08f64d48cbe3648b1acabc3260d96a22ff890f17940caeca7f7b294c0a78e5cb5e6f92e29aa21cb9e9dd9d8c25b283d3b1091a3a1092ab8f628f1aa8bce5ad1e6d82b22733572f370054f4a5dabac2fb0ea516ccf085874386bdfa652c3d0f4296cd11c0d8b360e3239a6ce6ec41e8e45485c9a44d53e4cde2980bd879b4e2e0f9a3ec46f65a2193e4f35afe96e3e6876f829b23af96de2dacae387b5dd1631589b5eddd6567a387210db823b7640d28b3a59c968638785db8b20d1b314fd84e400fb0f293a5940eca61b48d94107ff0009597e2b1d5f44d96325ccb3c6a1edd8fba899665c5b97628aa20744e2d70b5939cbc98da62b5b9e2b76445ab44546fe5d4165ec0a0c4c0ea5469e8ab03e1e5dec4ee7d12347671e4b541f5f043534cda5636f9dba91d122e3935648c671d862aa68a6a2a8304dbf43dc7756a7679e9e196396d62b6f1bbd146591f286c156f60041db7f640d1199714b8b3394609466691e03f3ba568d38f3d2a2c5b153545338b5c4123517d7b14bca352719200aac324653811b4bc8f6d932651930bae391d2d29688e403c408f9296078ea996a1b9e9c3da2d9751dec74486d6ae365b44de653b5c2c08d6dd521d182b88ca981a43246ee373ba898278ef907a885c278c836cda1e9ff007ba2994e4c7ca217d00152d7022ee1747708f07988aa685ff12ccaeb07effb28a42e4c0f722b2a304aee7b830126d9811db74ea6659e9277c15afa3afccf6e5376f986a135a323c33e44870ca8746257f8581c2f752c31c0eadf62d398e89b2454a40ce05ddebe8968d2f255a811478748e21d62243bb9dd51b2858aff0021d4f44c639ad9802fb5c1ef64ad9a71e2a74c9dd302ce5b078dd30634f5b0d4ebec8175f14be4664f0cae76ce7ec7d14b035c32b6b5f0bdcf8dadcaedc7b84e8c59a9f0537c1537c4f3b278fb74bab77ba393fc1e3f1375725247e616dd16618770a8bcfe340d310e836f540d50098736b7dbfb205d1b2ca92da65419a3104bf364d37e9f5d374a685650e27cbcde9d3b5edadbd1344c1a9ab0586d94dbca9cc480e6b73c64deea32997a9516b41cce58b6d7fb25674715d1a6c1f99ce19ad6ca37b6df35548e960f515dc49f017fcfff00e2337e565b7fdd9185956b76579bd5ec679f972faab0e648e83adfcb6d500c4778b28b5ffd2a0c1f45fe23cc1cbede2bed6f5519663dd7c1a1a1f8be53b35b95637cdf748e8df8f7d1245f0fcb39bfcde996ff007be8832d8fd8f673b21b7f97637b76eb6b2059edf45b5267e40b65cb974efb7548cdd8af6f029cdc8d3e57f7506e681e6e77833db2dfc17ee8892ba564a735d9cccb7b9cb6ec94b57b58da8cf78ad6e66b97bee8a065be3e41ddf1fce396dcccba591e0a9efbfb2b66f8be6499fcf7f1db74e8c59375b03fccfd57cbebd931979f7248be17a5f3f5b2015b4b0fc8e5782f9eff0024a8d0f6d08fbfc4c7b65c8eb5fbfaa9ec3bf52fc11515b353e7b7fccbff00f735bdd461c3dd5fd8cc4f9b93f2fbeb652257a8bf62a6a3ccdffe6f556230e4ff00237c1ceff5dbe57504e2fecfffd9),
(7, 'ferintaylor@gmail.com', 'khaled', 'admin123', 0xffd8ffe000104a46494600010100000100010000ffdb00840009060714121215141214141614171418181515161914161517141515171717171815181c2820181c251c171821312127292b2e2e2e171f3338332c37282d2e2b010a0a0a0e0d0e1a10101a2c242024372c2c2c2c2c2c2c2c2c2c2c2c2c2c2c2c2c2c2c2c2c2c2c2c2c2c2c2c2c2c2c2c2c2c2c2c2c2c2c2c2c2c2c2c2c2c2c2c2cffc0001108011300b703012200021101031101ffc4001c0000010501010100000000000000000000000104050607020308ffc4004d1000010302030406040a06080407000000010002030411051221063141510713226171813291a1b114234252728292c1d1f015244362a2b2253334536373c2e1085474b316446493d2e2f1ffc400190100030101010000000000000000000000000102030405ffc4002911000202020201030207010000000000000001021103211231220441513271131442618191f0a1ffda000c03010002110311003f00d6a3897a062eda9548c4012d92a5b2004017402004a801404a02025400a02501205d0400a02e804817413004a84262042108004964a8401c90b92176910338b2e485e842e48401e4e6217a10848437012a5459218964a8b25ca81805d202540004a84a10001741002eac98802e9084081084260084210008421000912a1002597242ed72503392122e8a4480f0b25b212a4022542540c025481748005d0481741002809555b6bb6e29b0f3694b9cf2db8632c4dae40bdcd85ec6d7f9a792c3f6cba4aa9af023bf5308f91138f68d88edbbe50eeddc7c0b0ab378da2db7a1a2b8a8a86070fd9b7b727d86dc8f1360b3ec67a76885c5253bde783e6218df10d69248f121616f92e75f6ebe7e3eb5e6670370b9e651b0492ecbfe27d2b62335ef50621f3626b196fad62ef6a8da3e90aba37878ab9de41bd9ef7b9a7c5b7b1551eb4f1b7a82473c0fc909712b91b6ecdf4df2666b6b22665f952333b5c0732cb1bf92d4703db4a1ab21b054c6e79fd99258ff00b0f009f52f8fcc87bfdabd69eb1ed376b9c08dc412083cc11b8aad92e99f6d217cff00d1df4c52c45b0575e58b709af7959cb37f78df511ccadf2099af6b5ed376b80208e208b84c47a210840844852a42901c94252840cf14210a46084254c0128404a8013381a5c5d42ed5ed34543117ca48e566b88bf90fbd466dded7535147fac3bb4ebe48da0b9e48e405ac7bc90be70da8da79eb24797c92f544f6237bcb835a0e80df79f1d5200db2da07d655cb366ecb9dd9b5c00d003400386ebf9a836bb91441117b8346f2af185ec95da011736d4a9c99638d6cd3162964e8a43e33bfdcb96b0f22b4b8f628797e7827f4fb28c60dc0ac1fac823a7f233664650b40c77651b94b9ba1f0ee546a9a6746e2d7022cb7c59a39168e6cb8258fb3c8008ccba2c3ff00e9b7bd7074fc85a989e8cb1f15b2f423b75231c28a721d17ec9c4f699a8194736dfd57e4b176bff3a2f5a3ab7c4f6c91b8b5ed707348de084867db68501b098e8aea182a2d6739803c0dc246f65d6eeb8f6a9f4c42244a5224310a105224079a12a1218884a8400a1785755b62617baf61c85caf655fdbe7b850cc5b2362ec1bc8e20651c6c4f13b87794303e6adbbc61d5555249213d617119465eae367c9634daee36de79f355a25123ae49e6963fcfdcaba116dd88c3048f170b5ea4a26b400001a2a2746d4f7d7cbf3ea5a8b63d059791ea65ca6cf6bd2c546086aca6ee4aca41c4274ba0e5824748c2af0c6169ec8547da7d936c9ab77f72d21e744d668010552938bb44ca2a6aa461159b3f2309b03edb7fba879b0c70d42de2aa8c1e1f8aaf6278031dadbd5a7b97543d635d9c993d145f4638e6969d52c5bf4e0aef8aecfb7238b46e07bd51c5c5fd4bbb1e559168f3b2e178dd337aff875c6418ea295ceed35ed95973a10f6e570683aef6dcfd25b32f95fa18c45d162908cc5ad93331c06e208b80e1c45c0f0bafaa168620912a10072522e90901e484212281215d2e4a0002aaf497869a8a27b46e0731dc7b2d049d0e973b85f9ab504df14b754f25b9acd272fceb0bd92633e2e98f68e96d7772ee4f70fa42f200e2bcebb599f7b5f3baf97d1bdcdf2f772572d83c3fac7036dc7de00f784b2cf8c6cbc30e52a2edb058518a205c387dcadefa86b7790a2710aaea22b305dda068e17e65400a1a890e694b8721c7d4389f62f2d45cddb3d67250548bdc2d0ee29cb68d663598cd5d33acd8e573469a47206fdab7b53cc3b6d2acbda1f08683c6c77789365a2c15b32fcc5ba341753d970e812e1b5a65d08d78dbcfd5b93d7d8782978cd3f11914fa4ba8faaa123868b8c776c20a6f489278002ea0cf4894efb0ed349dd985afdd74bf01be8afcc25a6c5c4e89b91da5b43a2c4b12872caf1bace2b5c9b6a18e7d9d6ca6daf8f30b37db2a4c950f3c09b83e2174fa54e32a671fab6a71b5ec4af44d41d6e2115b7b5c1d60ec8fb7ce66a2f6dc45f71e36217d5a1601d05e16d98f5a037ac81e6c6d6716b85fd21c77daffbc376fdfc2ee479e2a1084084425424078a54210502e4ae97252004cb1d3f1120bd816969e7670b1b7927aa33699d6a775f98f7dd4647516cd30c79cd47e4f93b69308969662d95994919878126dee5a474330073247f275bd62eadfb69824551472e7680e11b9cc7e97bb4661afd51e4a0fa20a7c9464f173c93e5a2e5c997962df676430fe1e6d745d9d480ea7fdd33c4b178e9c5dce637bde7dcd1ab8f705241ca36b70086670323735b7771e61722676515bade91329706c150e0d17738b638858b0bee1b21cc7b209f252d4d8839e582584b33b439a1e002438022d6241dfe29cd66ca534a5ae92332168001790eb01b85ceb609d4984071bc999d6dd99cf76ef35b4f835e29d99e3534fc9aa1e61ce00f25e58e4c030ebdda2e1a2cebaf0c619999e63deb3e4e8d782e5656a6a0a471bce73bb8f21e24e89c43b3b86bc1708c3fbc3b3dbc9ae36f526b88ecb095ae04b887b9a7316b1ce66570700db8b06dc6eb6bc6e998d812dccf8e50242c635af0d31b99906f023b024e97bdd6b16abea31c906a5a8a687f886cdd3c8dcad682de045ee0fad507a48c3fa96538d4e845f8e9bbd8b42c0292a63bb6a1ed7eba3c02d27c46ebaacf4c505e3a7b6fcee1fc2af0cbcd2b32cf0f06e89fff00876834a875f76516ee37fc3f372b6b543e8830a10d131f91cc3231a5d9858e66dda7c4680df8dd5f17a11e8f325a6084213102108480f2488424502442448054d317a6eb617b78969b78d93a4a1292b54ca849c64a4bd8a8629009221173681e1a5aea0763e84c10189c2c5af70e1eb561afa53d63980e570178dd7d08be80f8689b486cfd77902f6e637af324fb47afaa4d7fac928a2057b9805b72f281e9e022caa09194db4c672001379e5364ea77051d38048cdb8fb4a52d1ae357d8da38facdc74075239af7a8a2ecd97952e2b1891d108e66e5d4b9d1b847e4f1a14fb14c518c8cb9da002e6c0936ee005cf924a0ab65b9cb96968654ceb0b1de13d8e3ba8ca3a86bece6dfb56d08b1b7829a632c1097b0647432ab815036da87e11514508173d61711fba0b41fbfd4b43a9dca2f06a3cf5ad91cdd1b6630e9a8b8738f80b11e6554153329ed7fdfe8d0a9a20c635a340d6803c8597a210bd53c66ec10842001084200f0424429285488488015092e92e9086589d167b387a4157aba221edbf9ab7dd46e39002c0f005c385cdb5b1d37fa97366c29dc91d7873b550646b74017a094a56b2ed5c3e3b821716d1dba7d9e6e91a78f977af395a4f0d1466d13ea636b5d49d51b1edb5ed2496e97ca43858dafbd3dc22a1d3b2f9da1c06ac20b5c0971005b53c15c63655f1dfb0ee38401a95e32c0db12084f64c2a617d01f077e364d9d433380bb5d63cc81dfcd68f14a82338bdf25fd90cc191c491bceff00c54db2505a2c556317c63a9313723a5328bb045dbbb6f6b97681b63a6a54d53d2e46df7696cab271712e4f951d554a9deccd3b8cad711a363d3b8bb793eb4c6387ac7359f39c07913aabbd3d3b582cd161ed5be0c6e4d3f8393d4e5504e3f27aa1085e81e6021084002108400dd08424305c929495ca4008488400ab89e3ccd2d3c459748ba1a04e8afc4ee0786842f5eb004d3129324cfe5707d6024eb2f62372f2a5a6d1ec4572499ef31037a652e19ae66dfc468479a7d60405dc6eb2716529b8f43386a27668243cb500f9af0c42699f60e91c4721a7b94938dd70e3a705ab9aa1c6493be2afec4450e1c1aecc77db4ee4fe7934b2e89b269030c9206377b8d87bc93e5aac3727a2a73bf2912db374d99f9fe4b377d223f0f785675e1474ad89818ddc3d64f1257baf531c38468f172e4e72b04210b433042108004210801b5d224424005225ba4ba06084974200094c31bc4453c124a6dd9692d04d8177c917ef2bd710c4228185f348d8d837b9c401ed59a74898947544b1d306c2d166804769c46af37e1c079f35139522a31b63ad89c624ada6eba63791d2480db768f21a0770161e4a6266399ab77710a99d0cc9fab4b1937c950f00f716b4dfd775a4be0b85e5e55e6cf5714bc1117875781d9771dc4fb94cb0076e2a12a70f00eed3f3aa194f237d079b723af95f9222fe4725f04df57aaf1923f351ed9a61bf2776ff00c147d7574dbbb23c2e55b9212b1d6275619a0d5c74039f7f82ab6d4625252d23e76388918e8cb4eed7ad602a7e8684fa4f24b88de7f3a2ae749d614328ee6fb1ed3f72883f35f71e45e0fec6b3b2f8b8aba58a716bbda33069b80f1a380f35277583ec3e3d2d150feaae1296812490bb8e6033e5d2f7005ec391e2b4bc0f6e62a887ac7472c76682f6db396f3759bae5efb2f56334790e25b33250e5e31c81c039a6e08041e60ee2bb0ac93d014ab80ba08015084200657485cb8ba4ba067799175e4f9000492001bc9d001de550f69fa4d86005b4c3ae93766d4440f3bef7f969dea6524bb1a8b7d173c5f1886963324f2358de17dee3c9addee3e0b27da9e97257dd946dea9bfde3ace90f837d16fb551b1cc626ab933ccf73dc770e00726b780ee0bce970f04b73f13bbceda9e1ae8b1736cd140b4ece6dad44ee71aa199ac693d68d35b76439a3426fcadbb72f76e314ad04c4db9d6f66d89f12edebc1ec6f50eeac34303f206b77021a1c6e789d46b7e2aaf9bab93b8a8949d9718a2dfd19e22d157551b4656c8448c06c353a3b41deb5c85da2f9ff00079cc3551c8df0f2bffb95b9613561ed041de17265faacebc7f450f67602921602bd5cdb8d1353769b8d0a92d747b490284ab8c1758294abadb8ecdf31f62694f4f73cf994a55ec546fdceed66f92cd3a58abf88c83891f8ad22bdf94158eeded56791addf6701e64fe09e257910b2ba8325b04c6581b1b3211d586e5d7425b6b03c81214ce293c3433c15a2394c725eccdec07f6b11d7293bede1dca954a168f84cacaec34534c01635fbc68f6b9afcd706ff0035c386e257741b679f2545ba971882192367c6363941111cc5cc69b66c81a37022f6dfbada68a21dd24c70d43e0a88df66bac256802e3e4b8b09bea2c74f5283c2f0e33364a70fcb252ccc313cea72001d139dbafd9bb4d9416d7e2b0ce0b5c32cf13cb4e61e958e5700e1dfa8bfdeb4726910a299b56118d41522f04ad7f300f6878b4ea148af98229a489cd9232f6386e7b4907c9c15a70be922b63f4a50f1c9ed041f122ce1eb42cdf2278fe0ddd0b3fc13a5085e72d4b7aa36d1ed39a32791e2df68ef42d14e2c87165a9efb79ee1cd425762f312e14ac8642cf4cba4b869e44306ff3555c5eaabc8696b69d8f9afa49f1862732f76b490fb1b5c5ec01ca481aaf1c670cc429a998e331b17333885d20bf13d8ca1bc0720a1c996a25c710c4dd1531f85524ae24004b1b1ccd25c40b86837005f95f4545c6f0fa19e3323a09630d172f644f86c06fbe66869e5bbc0a9fa21513d0c9348ea82f6879630ba26b4968d0b9c2e6faa98da573d986bed00376445d95edb925ecb93702e87b1ad190baaf0f60b53d3c92bbe748e731bbadad8dddceda28a8e27cd268cf06b010dfe224facab752622436c29e7bfd18c0fb41d64ec19dd7b064239b8f58ed7f74580f5ac9c4bb22e9f0f747427ac6e522a5c4ea0f65f132d7b77b555abe1be9ea5a1b289d253481f27585b335ee2006e5616e4b5877f1ef4d62ac8d832c3139dded0034f0feb1da13eb4a51d8e3233692a8b5ad771648dbf783707deb5dd8fc4016375bb4805a7b88541da1c2d92895d92485e45f29cbd5ba41b803cc9b7b53ae8babcbdaf85c758cdda38e471dd6ee3fcc1659a170e4bd8db0cea7c7e4daa29344198714c2826b800a78c8eeb9367534bdc1e1bc974468bd5b0f349542cd4da64daba2b18e54598e3c81589d7cfd7558e4d77b75bfab41eb5af6d9d5360a72e7100b8e568e2e7bb40079ac7b661d1bab1865b642e90b89b8de091bbbd757a5c7dc8c3d5ceaa24d466daa9cd83c63aba83138d9b26adb9d3ac68d07d6171e39571558431cc0e81d72e1b8905be46ddc99d16cfd8e69656c641ec80413a71b9238ad52699ceda66a5824ec86b434c65dd7446c5ad0e27ab25cdcc78168ccdf0cbc542ed81863aa94081e5e72bbb30f17341be6b73ba9b9afd552d6c4f0e2d95a1da6967fc5ca058fce0d2a3fa49a8a86b639a365f52c79c8e22d6ccd3ec77ad6cfa335d9054d34ee60221601fbefd796ad6b4d937a8c3c9f4d94c4fd76ff0016f50f4f4b5739399ee6026f6712d1af2605dffe1f8da7e3aa1a0fd507f88a8d97a2c5b33b12da97c81e5acb005a18e7b85af637cc07771e252af1d8da7a782a9af154ccb95ed7025bb88b8e3cda10ae318b5d1126ec97da2c39ac86a6611366a8648d06690677663d5b1da0ec8398bb4b69e49d6d89ab6d0411b465378da4f647a319bfa479af00647e1d3b5af0d01f0dcdb31feb839dddb94c74914ef2c85bd73c02f7139432fa0037db4de9b5a609ec89c269ab1b844a0b892593107336f7b902c4eedca531ca0a87616e01e731a78f7bfe500cfbd243485b833ad3cb731bfb44871edca40e1dea5769680b681cceb6516646db8201d1cc1c07722b5fc05ecc4a0aaae69c9626dc435aef6a7926055330cd23c5f938927d4d1609ec145335e4327d0eeeb181e7ed0b5d3a9709bb6f2544b7dfe988dbe402cf8d9767bec6e09244dac8730775d0077674b752e24dc91c735bf3a3664af0d81f9991452543211ab43c31e6c5d620db75800078aef039628257384a5cc31b9b2b8bfac0d616bcdb7f649cb6efddc55c317c328e0a585ee1192d9a075ed98df3340e7cd5c62886d952db39e2a49181b2ddae66621c5ef717071b91cb82a9ed060d261f5a2aa98830baf24609707383d972d734db30cc7e4dec2db969dd27e27031d4e483a89068ce5934f6a4dacc4239f09a775a4b5e0d459ae17ec13707bfdcafc7689f2d3426cd63d15546c9233625b7c8eb07b75b1b8e57045f71566a7916614f592d3564a18d6873330dd964918e6fa7234762520dbb560779d7553f83e36f6c39ea1e09b92fca00c8dbeeb0de02e1c9e99c7713bb1fa9535522ea65b95c54cba5b79e037951125786d8df43ee5118ced47552b628439f53944819a08c31cc26f23cfc9dc486ea741c4db2c7173746d91ac6ad947e96eb65f85089e03445182d170ef8c98e517b68086826dbfd6abdb2625639f510c4d92d6636fd9682ebe61e2065fb413ec664a5949924d652e71c908746cbbb7e96e16006bb804e28f1c1146d6470b435a3405c48df7dc00e3aaf41708468f364e5395b2e7876cdcd554c2a0c423759d99ac92c7b00b742db5f4037a6f53814d1538a8ea6130bf29cc5cd2eed00066ccce76e2ac7d1b63f24b4af05ac1695cdb00edce6308de7992990c4e6970478ec8731af06c3fb9989dc49e0d09d45ab15c84c0aa0cb87c8218c3268e57bec2c23700ceb01ecdc11a0171c6caddb5ac9a6a22e698da7b0f04873ac0d81f638aa3f4535a4c1530b6c34b936b92656b838f70bb6f61cd5830bc565a8c2876ad21a77b3403d38c39bcb9b426ba07d94aaaa096e3ad9aec1c231909fa4eb92960aaa28b41909277e52f3f6ac6eaa1555d249e93deebf0b9b7ab72e06e0b1e5f06b45e65da0a31c88ff002ff109551243a210e6c5c5162c3f1593f474ecce46474674245dbd632c0fb4298e969c5ff0675ee0b6420efdfd59f72a960d774154c1c626bbff006dc5ea7b6f6a7353d01de0c04df99b463ee557e22fd449e24db60d00f9cd807da918e531d24bcfc048277c8c1ea24fdc996d247968291bfe252b7d8dfc17b749f7146cef9dbff6e4572d2625da32ca6a87b0f65ef68e41c47b97a3e42e3da249e64dfdebc40b1412b9cd4f3a9d41173636b8e06d7b1238dae7d656c1b5fae16e70de190b8793e32b1f705b26d036f843ff00e9a33fc87ee5ac3a6672ed113d2ec7f174eefdf78fb4d07fd2bd21ede0279b632478c53923f9575d29eb474e7fc56fb627aeb66bb5824a0ff7553feb2a9fd4fec25d23cfa4fc2faca46d64376cf1647b1ed3639242d6969e63b4b2da7ad3259d721db9d726e0f23cc2daab7b7836bff26c3f658d3f72c4ea29487666efe23984b2bd84516fc231971608de6f941239e468b903dc3c42ee1a399f2d43dae1d616feb128176c41e47c4457dee1b89dc2c40d428cd95998c86a2a640410442d3973166e9247869d0bae230dfa47829fc476ae114f968c69246cd49f432b9ee766e2f7926e6fde4a9863514e4ca9e473a8fc1428a2d45f96a9c96a19f825ccb328d0fa249b4a867231bbd7981f70531b3f4f9a0af80f0a8a8681fbb236e3de5567a299ad512b7e7437fb2f6fff002570c0fb35f5f19dc4c120fad1d9ded0ba21d2fe4ca5db29fd14545aa6467cf86fe6c7b7ee7156dd8e19455427f65572803f724b3dbef2a8bb20eea7140ce1d64d11f20f03dad0af3861eaf12ab67f7914330faa0c6ef6a58fa4391915741d5cb247bb23dcdfb2e23ee5c3cee531b7507575d38e05c1e3ebb438fb4950b21d162d53a344ce64285cc8e424227b61298c93cacb12d742e613c0192cc682785ee7d453ec788761344e3e934c91f85b3023f802b96cee1b0521869f376e59186ff29ef6b9a5c7c00d3bb4e6bac530084d0d6476b882b5ee6ea746b8b1c46fe02472e970f1a32e5bb19ed8691d1339d6538f503f82e3a5377eab1ff9e3fedc8ad5b4785c0e6d0970ff00cd4045dce1adbc578f4910d3369e3cfd5dbadd3311bf23f994e4b4c13e8c26eb8ccaebf0ea360d3a907b9a3ee6ae8e3348de2d3f458e3fe958705f269c8a439d65b0e287fa1dc3ff0046cfe46aa97e9da6373a9d776477e0b53acc521fd1a5c2f6f82b4e8d37b641c2cb48474c993e8a5f488c73b0fa72013da88e809fd93b925d956bbf43ca32baf92a74b1f9aee0acdb5b8a37f47c4e11caf07aab06b35d58785c2e366316070c94f5530b366ec9676b465f75d5579364de86334127e850035d7f81b05b29bead00e965939a6906863907d577e0b7a76219b0dcc2297fb2e6cb97b5a32f6b5f7e8b34931779208a6a8b81f340d3d6a6714e8a8b22a3646ec2dac7765d34f21bdac5af63e7636e785ec00ef0396b0d360a6063400e734301769ab093da0e1c35254d53d5b247321918435c08b3ac2ce13cc329efd41078593e8e47c3208e624b1cc736397400e6b765c7bac77ef49ed509776542185ce68cad71d38349f727f060150e1fd591e25a3d97bab2458a3ec1b1c123b2802fa35bbb8389dcbd05555bb46c51b3e9bf37f2853c115c99ebd1fecfcd1d634b8b002c7b77927d1cdcbf755e22c15ecc4cbcb9b964a402dadf3324fc1557667e162ae12f7c36cf621ad76e702dd09f1578c6209855d23fad0d6de463c06039b333b3a9ddaad62a910deca2d6ecc88b143275a47eb0d7d8347cb2d71d6ffbc55d6a703637108a5ccebbe9df15b4b1cae0fe4ab1b7f8511559dd532b6ec6901ae6b05c5c7fa55931c8e2eb286633380eb728f8c003bae65ac79a69503656fa41d9c84543257e620c601b9b37b24f2b702155310969185b97a9b03ad834faec15d7a4da6a40c864948765739a092f76ae00ee6fd059d5762b4a08313341f35807beddca65498d743cc471aa516eacb7eab48fb90a3310da78cdb2c6e1cfd11af9128537fb85170a7c4e096adb34961f1eca7843b4395b3b448e69df771bf93077a9faa8e9be0988eadfeb9e7e5eec9191f72a9ed5de5ac80b4e5a7a7a686a7296e539fae635fdab768d9c0efb6fe6acf8e6063e0958dce7b4c865ddad9ed8dbaebce22b77746699eb5c691d4d8639f96e67a6b7a47b597fd975d2655d2329e3ccd69f8e16ec176b91fcc26a3678fc0b0dcd27a35301b86fc9bbb2f1e44273d26602c753c799ee1f1c0fc91fb390711dea5f452eccedfb414c05846ef26307de924daa8da3b313bccb47b90305a403b527ae4604ada6a01bdcd36fdf71f7159797c97a3cced70b58447c73ff00f55aa3f6881c2b3f567fb1875b37f840efb2cacc9878f9bea90ad5629290e1434197e047e4bb7753cacaa37bd8a446ed36d11fd131482317c901b171f9400e5debc360f689d250545e3170f90684f1898470ef4eb16aba4fd0f192d059d5c16191c78b00d0847471554cea79c36316eb75f8bb6a636f7772afd44fb0f30ada07498535e182e695da5cf06b85bd8b2e76d84841ec33d678ad5f642a217e1cc0d88d8b656dbab1f3de2d6b2cc598852d85e9c83adfe2479299fb6c7123eb294d442d9daded36f99ad02c419e622c49bdf509c61d8c0972c139bf6b473b5241639b6279dc8b15dcd3101d2c1d98f73e22db12059d980e16cc57b6d0d0c73462782d727b40699afddf3ae5435ee8ab195462f25338c0ccb661b073812eb5f4beb616dde4bcbf4bd63fd173cfd060fb9aa4b0d91f00cb2412be4203810db90d24e50e79d6fc6dc884f9f89d43bd0a6b77be468f65915fb85905452d7096379ebfb3231df280d1c0fdcb52db4a3a82c81e33fc555c4f3dab766e41bdceed551dd2569dcca71e2e71f72d371e6544d87b88744d71898fb80e36232bceff0005715a64b7b291d29ece4b24903fb1e83da4926fa3811c0fce2a5712c09eec3295e5ed0e87e0efb8b9d5966f7734e76fe8e6969e9de2a328beb95835cec077df4dcba830e3260d235f34ae2d8a4b90e0d3d87178dc3b82aadb15e90e36f76684b486ef3d97b1e081df979f271591d6e0d0c67b525f9ddcd0b50c566a69b0c943cbb3369a3739af7104f65ae041e3a8e0b2a63694036eaee07137e3de52953635678e2315234372b9a4db5ed38ebe1742f0c4712a7f8b0deaee06b940beee364254164b6d9e23209616079caf819138686f15deecbaf0bb41f25a563f46cfd6b43ae1d113abb521d391c5085b3324465433361d4572e369a0b769dc1e40e2acbb7b8442fa66e765fe39bbcbbe6bfbd2214be8a33f182403744df3b9f7af4870f881d228f8fc96f777210a691567bf50d0346b7d4169b868fe8e6ffd31fe4284268447d61fe886ff009517f3b11d1e9ec4bf4c7f2a108f7024b643fb2b7e949fcee59ab4f6cf89fbd0849821b551b192dc586ff6234ef64a999fa4df1e519046240df93d63648aceb7d63a6e4212f7193db5b18156fb0de1a4f79ca14439a00fcf3421508f3bfbd6834af270f17ff9777b1852a108199dede62b30c2e9acf20fc46a0007585dc6ca3f6531195f85d46691e75947a477756d488497d627d15ac16a1cea2bbce7221bb4bc07e539276ddb9af974637772ef2aad23cba9c39dabafbf8ee3f804214fc94df5fef920438dfd68421588ffd9);
INSERT INTO `user` (`userid`, `emailaddress`, `name`, `password`, `profilepicture`) VALUES
(8, 'ferintaylor@gmail.com', 'kanye', 'admin123', 0xffd8ffe000104a46494600010100000100010000ffdb00840009060712121213121212161515171615171515151715151515151515171617151615181d2820181a251d151521312125292b2e2e2e171f3338332d37282d2e2b010a0a0a0e0d0e1a10101b2b251d1d2b2d2d2d2d2d2d2d2d2d2d2d2d2d2d2d2b2d2d2d2d2d2d2d2d2d2d352d2b2d2d2d2d2d2d2d2d2b2d2d2d2d2b372b2d2d3737ffc000110800a000a003012200021101031101ffc4001c0000010501010100000000000000000000030102040506000708ffc4003b10000103020404040307010803000000000100020304110512213106415161137181a1225291073242b1c1d1e1f02362637282a2c2f1141533ffc400190100030101010000000000000000000000000102030405ffc400231100020203010100000700000000000000000102110321311241132232516171a1ffda000c03010002110311003f00dc8446a135102f3d1d1611a13c21b53c26015a9ece68413da5020e0a23552633c41052806476a6f668b171f4586c538f2596e233e0b3d0bcfaf254a0d8d26cf4f9b10859f7e5637cdc02852713d28d04cd27b10bc719353df33b2b9c772ed493deeac28df13cd996f46abfc248bf07a7d0f1653b8e52f01db1fdfc95dd2d4b5e2e083d6daaf2410e5d6cd1e600fa2e871d9a9ce82c0f369b8ed70878d7c1793d8c148771eab1780f1c4727c32687af2fe3b2d64350d780e69b8d765938b5d21a25dd721e7ecbb37648025d2dd0f3765d98f44082665d9d0b3764b73d3dd0146583027b631d12342784c62860e888d60e89027b50214d80b9581e26fb4211de3a600bb62f3a81d8752a7fda6e2ae8299ac638b4cae2d246f94004f96e178e3dc0ea741c82e8c389356ca48356e23248e24b8b9ce3726e49250d903dc753947ba741c8db53cba0fdd4b822772feaeba1b4b86aa2d86a1a48dbabf5f3d493d82bbffdd36269ca1a3a002deeabe1c35e41363faf90e884709738db2bbd02cee2fa69e18cacc5cc9bb48f23b7d7751a9dd266b6b63c968a83851eee4b6582708b1a3e2173e493c915c25a4ba7964b50f61d2f7e5e4b6dc13c492070d6db020ec7d16c6b784217b6ce60f3b6a1646a706930e9848c00b0dec48048eca7dc64a89e9ebf4d3666875ad71b235d65786b899b33bc336bdbd56a42e669ae98ff0062dd75d21296e9084baebae0575d033320a78436a205421ed446a6353c1401e5ff006c188b5cf8616ea581e5c7fcd96c3daff45e7d4f019081e4b59c694be2e2130bdc0b13db41a0f656b81e08d6373116ecba94d4206d08ead95b85e09cdc3a7d14ec0f0a0f2e791a6621bdec482568216006fa01df4d93f87e03e0b2e37b9fa9242c1cd9b39d2d07a5c3da392b086805f647821b29ac6a8b30726c6414e02b081ba28cd47614c448ba818d61cda889d19e6343d08d8a940a5ba5c28f22c0cc90d631ba8735d623a8d8feabdbda345e6bc4b4e1b50240353adfbe9b2f45a59b3b1ae1adc02ab23ba644ddec32e4974b7599022e5cbae8032cd722b5ca3340e88cc03a2b00ed29e0a1b515a1211e5b1c65d8854923f11dd68e1b6caaf128bc3c4e41c9ed0e1f4fe15ab196d55cce85c0c69038dc8bf9ab3a582cabe196dbab4a7783cd40a4d92d91a70d13e329242820508f18515ae470f4020c5221674eba0ab319c78e2d008df92d7f094e5d49138fcab2bc7b1dd8db775afe1983c3a585bfdc07ebaaa7fa499711697ecbafd975d75d4199d7ec92e7a25bae40ccab4a33547614769540c33519a82d28a0a09319c68236d4d2cde200ebba22de674cd7f4ff00905478de3cd638069db9aa0fb40f1a3ab9be2718dafbb5b7366e7d6e022d1d108981eff89ee01ce277d45f45bbc6a933af1c69d1264e2399bf80db9684fe4ac6878c1cdd6589ed6fcd95d97eb6d166aaabe47e622e1a05c81cbccaaa82a642e05a4b4fc5a8713f76c4dfeaa962b5c2a7249d1ed98563d14a2ed70f2e6a74958dc84dd7814ef9410f63883b1b1b6fcc2d66198556be3324b338c4012e03536b1d7bd9672c496eccfca6f46b317e37860708e306594e818cd4dfa68a35363588caef8a1640d3b190ebe806a5270f430c14ae9a01f7c66ce6f98802d72e3a81bfd563f1b7cb7120bc85d7249693620ec07244527a45a8aa6fe23d628dc6df1cd736fc319b7a9baa5ace31752bc365a691ed71cac7b08b38f417e7d9546052cd1b1b739eef736c01b800d83edb107d16c6b29592d3c8d7b038652eca79b9a2e35e5a8df929f2a32decc64bfd29a5af8eae7833b248f2e63e1c8dcb9c9200f4056fb0f9816d8681ba68b13805167a3a799c2cf2e6bc5f7631ced182fcad6f35adc1584092ff003e9e565120925e5ff059244e5ca4c86829f74d5c80324c7a90c7280c94755223902a1b26b0a28728ac72334a6498fe39c184b274f1a17b2f6d039b62d27ae85553a9592c6d2d76669636ce1cec00fd16eb19873c77e6c3987e47d96303194e1e6e7217175ad70c2e3adac2f9773db5f46dba3ab14ee8a96e196dae2fee3ba835584c718f85ba9e7fa05a58eb6270ccd91a47620a8b3004673b75e4a94dae9d51a7d32d55417f098742f90016eda93f41eebdab0789ad89a0016ca05bb5b65e6b8440669c4af6db282d89bbd81fbce3dce8bd370b6fc364a72ba461995197c2a83c36cf4a34f0e47641fe1484b99a74dc7fa5168f0a0c279f62acb1bc29ef9193c2f0c9980b751764ac26e6378f3d41e482312781fdad34ac3cf2012b6ffdd2dd4fa80a7bb2149d68b182100682c9f8a5608217c96b9d1ac6f373dc72b5a3cc90aba1c49c6d929e67f9b44607997907d95851d348f7092a325da6f1c6cb96b0dad98b8fde76bbd8590675bd93648898f293afc37f4b12ac285b66f99ba8cc172029c3c949327aa1c0a54db9e8bae7a048816eb9375edeeb89280310c7a92c7a811c8a531ea8b64e89c8cd2a1b1ea435c82092d2b178847924737a13fc7b2d8b5cb2bc50dcb2df93803ebb7e899a617f98af7d046ed5cc6927ab41f7b214986d859ba0e8341f45269a6d1499a7681dd4b933ad49a21e132b216873ad724824fb05b3c2ea0380b1d179862adb9bb45fa2d470cd53d9102eeba0fd93afa2cb0b566c249d97ca4ebf920c8755143cb883b0522fd52396c931351c20c6ed027972009b4a34bf552021442cd03b225d064382e4dba5ba43153575d2200f388a653229552c53a9b0ceae8d9a2e23914863d564532951cbdd064d162c72a3e2f8ef1b5ff2920f91dbdc2b38e4495d109637467f1697e87914d0474ecc3534c765de29d5eeb91d00b937e414395e627b98fd1cd3623a9eaa5e1b50d70b3b7feb9a4e3f4ee4d036d716ed4ef37e6eb2b6c37143b3a375b90b03f927d31e77d3ba97054bf3683e1b6f6e684c6e4ab85947894c7ee405dfe6706fe40a96e964ddd1b5bd838b88f5b044a594d825967ec9339a55f106a67686e8cd372028d0bf4eca450b810e75fa01d8248c9b2d2e94142ba7072080a175d0f3276648638a4ba6dd712803c6e3a83d3f2fdd4b8aa4f454f1cca4473ae8a3b1c4be8aa4fcbee14c8ea0fcbeea862a8eeaa718e2bf0eec86ce77371d8761d4a4a0df0c9c4dbd4e2ac85b9a4735a3b9b5fc85b559bc4fed05a2ed81973f3bbee8f21b92bcf6aab9f2b8b9e4b8f53afd3a28e5eb68e14ba0a2974d855cf24ec13bce67baf71cb28d1a00ec8541523751309aabc41bf2923eba84e9e2ca7301e7dbba9adb4cd7e5a36587d45da35e5add5e51bf4583c2eb4dc5f65a6a5aeefbfe8b270a13d9a8f12c37e5b20b27bfa2aa7d6822e4ff00052412789f0b7b5ddc80e7ea7553e68ce8b6a37ba427e4ebb5fb0ebe69f8960cc981731c6198001b2c66c74d83c6cf6f628b059a001b2209ac0950e5fb09231943c775313b24e0499496bc6ce041b1cae1a1db985b9c1f8860a9ff00e728cdf23be178ed6275f45e2b8bcf9a695dd6479ff7151449cf9ae97894959d33c109734cfa2c5fafb255e358271e5541f0b889583f0bcebe8edff35bac238fa926d1e4c2ee8fd8f9387eab296268e5961944d67aa44c8e40e01cd21c0ec41b83ea11166667809a90d1abaca2cf8e81f7353d4ecb3ce713ba45e82823a5e4b2c2ab14924d0b8dba0d0280e72e2530ab488b1cd2b8a685c5022561f5591daec77fdd69a0907a2c795328ab9ccd0ea144e17c2a32a35eca663b5b5bcae3f2478e8c727387912a9a8ebefb15622a8ac1a66ebcb2ee92823e60bbcc92afe8c802c0003a058c8b12214f8b1175b759c9361e53e1afff00c80154e378c08e37791ffa54b3e2990124d8752b238ae28e98f468dbbf728c78ad8784ba46924bfea9a1c8775d75d63b0975d990ee9094c2cb4c2f1a9e98e6865733a807e13e6d3a15e87807da631d66d53321d3fb466ad3dcb771e8bc9f324cca658d48ce4a2fa7ffd9),
(9, 'ferintaylor@gmail.com', 'Johnson', 'admin123', 0xffd8ffe000104a46494600010100000100010000ffdb00840009060712121215121313151515171718151817171517151615151515171715151515181d2820181a251d151521312125292b2e2e2e171f3338332d37282d2e2b010a0a0a0e0d0e1a1010172d1d1d252d2d2d2d2d2d2d2d2d2d2d2d2d2d2d2d2d2d2d2d2d2d2d2d2d2d2d2d2d2d2d2d2d2d2d2d2d2b2d2d2d2d2d2d2d37372d2d37ffc000110800b7011303012200021101031101ffc4001c0000020203010100000000000000000000040503060002070108ffc4003b10000103030203050604060202030000000100021103042105311241510613226171328191a1b1f00742c1d114152352e1f1627253a2163343ffc4001a010003010101010000000000000000000001020300040506ffc400221100020203010100030003000000000000000102110312213141223251134261ffda000c03010002110311003f00ebb46e91ccb80abd635788c734c5cdc241bd19f78125d72e4709080b8aee61dcc202eeb12926f857146d968d25c0b0226f2887055ad2f50e021a76566a75839341f04c8aa42d6bc030985a3c1425f5ace42d2d1e4611be8b56870e515bf3f543d5ac6127d6b5d36d48003fa8f27867f288f68f5f2099758a32d63576d110082fe9c80e64aa85eeb6e7eee247cbdc157ee2f8b892e71738f993beff00aa06a6a333cbcfa03d07eaa9401d56d4738f9fe8108fbb77270ebcbe4943ae5c49204a11f55d33f33cfd16a30ddd57397fdfdfd17bfc541c19c6d3f7d52593b93bfdc2d7888cc8f92d411e9bb3f98cfcbe8bd6ea0e6f391bfa7aaaf8bb71f3f74af0b8f23bf2e90392d462d967dadab4886b5c40df2644f48e6ba2e89af53bba2e73480e683c4de86371d5a7aae16faee1f97ee379e4b6d275f75b56155932090411887087031c8fec95a09dbac59325135e96121eccebf4ee69f78cc7f734eed3e7e5d0a715ae70b95f19d295f46162708a280b17e11ae2ac9f0e797a43775602af541c6e4c35371261696b414fd61f015f4611368657976bdb1544846c3946f2b725684274060d76242af1b4f1cab3566e12ca900a611ab0ab76801417b7446029a8be420ead225eb1814d371e656276db76ac58340345bcc6e8c173220ee9359de0211550c853b1c95ed0774b2fe9f0845d3ac6105a9bfc2a13675604086a275a16a92784eeaba5ca06572d7870e4a90f04cdfb1d440908534c0721744d485460328faec9184e45322b9aad6b5ce7600049f72e3dac6b552b547bc9c6e00380072576edede3e95ab867c4e6b47c67f45ca9b51c4b8ec3699e7bccaa4172c561cda927c582e0099c340e5d319185abee06447bfd3c968eb67c081c44efe606d8fbdd68cb5aaf2785a4e3909d9318caf747d96edf7c943fc41da4cfd16d574dac0e69bbd233eab41a7d5072c70e7b1d8f3f45ac3469df13bc9f97bd6bc63de8ea5a6d473789ad2796d9c0439b3a84c776ef87295800eea87ae56a2f9d1040c7544d4d31ff00da44201f6f50620c4c63aa16351ebab1f4fd16956ac9ca85e4b7cbf45a39e37e681871d98d7cd95c0744d37c36a01f99bd474226576e34c168703208041ea0af9ceabc736fd85d9ff0eb50e3d3a93732c2fa7f0712d8f710a5963f4ae293f0ba69ae94d6101a6d380982cbc125e82d6a32a00211b51035774121580dd397b6454577ba9b4f09c5fa1a02c5b1425c5c46114667b74f80aa1ab6a7c2f8564aef90aa7a959715504f24c89c9960d25e5c0153ddbe0acd3190d087d54eeb1af869fcd4058aab59fe23eab136a26ec0348d608c156eb3bf0e6eeb9c0673099e9d7ee69e12b92333d19e2fa8e89408e19416b04704f9a5d63a8103aa8352bd2ec259b298621946da77405fdb96381e489d33506ba1a4e51b74e0ec27878432fec2cd2752349c3a12ba3e995c5467105cb2bdb963bc95a7b21ab708eedc79c8fd93589407f8c15da2950a7fdcf2fde2431b11ff00b85cff004cb23504130d711c2d912ef68032761831e8aebf8acfe2ab6c0113c3508044e6591f1cfc103a1531b8ccb5b00fc4bb3b09e4ad1e444ae969d2f46a2d634860e281277cc260cb0a604708f80fbe6569a798686f90441a91b25721d22175ab7989f519513ec987f28f8045f1cad52363a40356d1bc847a08ebcbdea0fe5ed392014cdca3295b19214dcd8b472007d526bfd398790fd9596e0148f53a83214a47441594ed534e64980121bcd3c8d863fc2b55e0ca1ab01c3042319b409e24ca555663d0ae99f84cfe2b5a8d9f62b60636735a7ea0aa0df51de7ef92bb7e123f8695c0eb55bf262bc9dc4e582a91d76c5f808d94aac0e132050125e9ad52842328ba8a10d59018bee28cadad3088ac0212a3930a4f56aa5b70d24a9984953702280c1fbb819496f3db561ae30ab1a83bc69d1390fac76082d5b9a2b4f38084d5b9ac6f854aa372578a775b3e5626b25455a8144d366420a8947d05e759ef35c1edae021ef5f95eb1f012fbeaf94f2131f0d2a3dc0cb774cf4ed5e7c2ec141d06f1043df5bc191829a273e5eb2d94e9f18cf343bedcd33236fa21743d46406bb0e18f54f9f0446ea9446cadf69eaf7aea1c4408e36cfb9a7f44c3478741939800111923cbcbebea96f6aa870b1ae0301edce7c20c8e5e7c299f6724f88f3923e5cfa266e9062ad9696616b5aa1e4bce2f259c33c923288829dd944b6e568db5072b6168549da2cb537154ad2b5530b032141581210b0a40d737388486fea1329bd7b739dd2cbab6848d968d082b4a1dc270985db20612ee2e6564ccc43aa62719cab6fe183628bcff007553f26b553754a87888f3fa2bff00e1f5b16da537111c4e7bbdc5c40f900ba7fd4e35fb9d2f4c6e1330101a7384047172249fa68f50bdf0bdaaf4b6e2be51888cf6e6bc9850d2c950d374b8ca2e8422c0891ad85857ab528a033cafb1555d4f2f10ad3576408b10e74a6ba11c76e1b69c301497142531a36a0050dcbc350b19c290b7f97858a43a9b3a85e222d238f5129850294db14ca895e79eed70774e98892926b0384c8da518fbf004155bd57540e740d8195d35c38937b166d329ba015b5f5483050fa2df35ed107923aec07a54859c809b546136d2f5805cd63b0769f7a5ccd35c760a7b5d28f134c6c41f815444683abf6868de517d2a6c0c70e2670b843c907c2e6b86f244a69a151fe9b0ede1698f50156cd0a36d42a1a9e197120f31c3307e25595950d365313bb5b3eb0126f6ba744f1a8bfc4b035ad8c950ff0035a0304919892212037c664ba3efcd2dd4bb970935d8d3e647c37947644f59179a7794cece07c9677c0ae477370fa6ef0566ba7a380ff7ea9a699afd56c07c9f5fdd0921e2746739478dd2ab4beef0482a1bfd48306548aa4333079a5f7ee60de1566f7b525b21a27a1fdd21ab7d715ddbf0cf33e11ef4ca0d81ce8b25f56a53bfcfefaa5376c1c942fd35cd00f78d279c7d27fc25cfaaf6bb3f5c25d17c636efea02d65989fbcecba7693a85b9028d02e8a6c6801cde196801b2327991f15cfee2917b639983f020a67d88696d6713b9641f73d514b944f4b6d9d734da9e1098f1259a66c11d51e9fe1ccfd3caee4b6a37c48ba9532a07b84a688920576ea7b57206e6e00256b67752533150ee5684ad29d5c28def328a0326715e51b968286aef202a26b9afd4a559ad68264a2d5994945db3ab36b0854feda6a269b1c46f08fd16f5cf60252bed453e26994aa3d1a791570e56fed15c92480562706d47458ba75470dbfe8a283d32a0ed925a0f4cad9ebc86a99f4f1768f7532aa97353c4559f51321542e6788ae88bb472ca3abb0cd36e5cd7c830adfa7eaf1ed7c551ac4f893be2f0ac4dab474bd2ae5ae0221592de8348185c6f40d52a53760e3a15d4bb31a98abeaaa91cf626ed5e91dfd4a74cfb1de7f5073eec899f4dc7bd3cbaa1de08f2c261a9dab64bc8dda5bb67a7d214169504a9b8fa5b7b48a66b3d9bb8a87150068cc1073e460e52aadd9e06839b51ceefc3816f088a4403968688831393ce32baaba982127b8b1e8e21052d46d76f4e7b69a383538aa31e18185ad6b3ba612e3ec977080d31d4824e11b63a5d40d3b82088da08f2838338fd95b59a549c927e8997f040003a2d2763462a20fa15882c93bf3483b52c8740eaaf1a7d0e162a8f6ae9cbc1f7a94b8915c6f6932a1ddbb8470ccb9dc38dfcccf20165fe96299639ae7bc1678c398e11501ead7071691b7889909ed95119c6ea5ab6a791c74225521904c98aca454b20ca3c7de97552ec323660c0e23bb4cf9eca3b2ef0fb40fbf3f35753a7cf268f40a1b9b2006c9659506386be885ef31d213fd21e18e71803d83f1124250f6f8c63f630a475c1a6d93bbbc47dfb7ca168ab64f34f58b3a2e9fab37194ee8d6e25c36a6be411079aeabd97bfe36349e8ab2e1c509ecc7d59b0955ddd414d2eaae1566f0f8d14e8771b23b8797144d9d22b4a14a4a61429c26b4c4a682e994406a1a5636b195442d845c34415cf7b474077ad3e6ba054748545ed09fea0f5597a2cfc2d5a00f00f441f688e0a334377807a25bda3aa20a3f40ff0052a90b1681cb158e5b2a60a3adca2acbb257551c0063879969002b3d3fc39ae1b21f27a70c7d4af25c65fc3e9965c6b9654ebd32e0ab97f6c738d95b353b2a945e69bda4387cfcc25d52c6a388f01f8268f02da922bf6168f26404c2a4804109f5ae8f501f60a9ae748a832ea6e0399e131f154fa71b75c2afa7543c4ba6f61332abb6da6362607c1587b36f144ab47ace66a9179bda6e753f08048d81c4f513cbfc2aa0bb2c7907046e3783d3f4566a17808dd53b5d3c370fe920fc4028658f2c6c33ed160b6be3cd18c01cabb615b609f51ab01732ff00a75c97f0209843d2b8e22405adc553095d7ed3d2b36378dbb9cbb84ba0c9de01809ac15c2dc1902153fb5344e5dd13db0d71959a1ec21cd224106411e4523ed36ab49a3c4437d4c0f79e4967d5c1b15c5f44565501701cd3d7d2912907f194aa063e9b9ae8207134c83d46158a93c16a448ac9f402a3c04b2feb6e9aea4d10aa97f5b7ca54ad8cdd207a52eaa034124cc019249da145dac786b8b41980d07fec1a03be60a1edab383c96920c1c8e8774af5079332575462714e5e895f58f17bd75eec977cca40bd8e03073d3d1737ecab186f2971c44989d8bb84f0fce23ce1763b57c001264cbacaa89c31292b190b9e28f4435560e2955e3abb7bd7069901c47cd795f59f160ae950b5c39f7a65b2cda0fc519c1849f46b8e200a72e38489531aed1056a90a26d61283d4ab1050746b12574463c22e5d1a5eea21ad395cdf56d75aeac003cd30ed5ddb835d0630b9a69dc4fac33249548e2fa4a736ced1a66a90c19e4ab5aeebe1cfe105134adcf77bf254cb8c563ea9e38d7a4b2647545a68ba5a1628683fc23d162c29dbed98d079239c442a451beb8233f4520b8ba900b8804ae79e33b6396fe0db52d35955cd25a091e5c96f4b49a63f20f8045d93206727aadaad53b2448a39332dec183f28f82dee6d9a44102178ce38e484bbbba83063d50946cca455ef3416b5e4b30d398e9e8b5bad1bc22241566b5e1393944383764d1e2049b7c2a969a5d404788c25bda9b62caac27f337e98207c9740a348243dbdb2e2a0da80669bb31fdaec1f9f0fc519cb68d031c3595958d3dd394e29d7c2a95a5dc18271fae136a1702570c9533d38f558f6864ca0b56d2db5320969ea39f91057adbd0200f4c29ebd66b44bdcd6f9139f70548a2726caf3b4e75169ee9dc3992230493930362523d574a7d5f1d421c47b208900fa75568beae1e3fa6e07d4113ef841dc560190e80ee80f17cc611710a622d2ed9cd20bc8df0d6b435a3ccc6eac96b5e0c7255da95ba104fdf253d2bbc7d7c945a6593436d42aeeaa9a819947dc5e4f34aefaa8884631e82725445a4d22f2f23c87c7fd222b7675f5013fa2b0f63b471dc0aa465ee711ff569e11f3055a695a361766bc3cf73ed1c66ae8cea6f99d8ab3d0d46bba9869a8ef94fa716e986ba69b49189955ea9781a87f8efd177a08a74b84ad013c5ef4154d4805ed9de07387995d515c3924fa74eeceb7c013f7ec936803c2134bba90172b5d3a53e097577e5076c5477f772e895b5076174c7c39dfa567b58ef09f4541d22af0d669f38f8ae87da2a05e080255269690e6bf20eeac9a24d3e97ea3723bb99e4ab34ed3bcaa4f528fa34a1802db4a706bf28a6a8569ba1dd0d23c230b139a37ade10b146cae88e8c2dda39040deb00cf44bebf695a678608eaaabacf6b864131e4141a674aa2eb42f9b139f45ab2f41764ae57ff00cf994c1e2d927befc486b880c0409c93b9f40b2406cfa0e9d511b84975dbe631a4921737d3fb7a1ccf6e3deab7da1ed91aae2c692426d18bba2eb7bdb665104b41711c82f74aedc9ac7ffadcdf52aafa269fde8c839dc94faa68a18dc6e8a4aa8cdb6ed173b4d701df1ef533ef4576be90f14b1d39d841cae595a9dd55aaca1464b9ee0d1d07571f20327d1766d3348a76f47b967b458439e7773a002e3efe4924a878b72671bb8058f20f239f3e87e09852ab8c10a4d72ccf11310f1820f96e12a981fb7df92e792be9db096a4d7b56e3ff00c238bab8efe40f55350d36f227ba2f273220fd485a595d7860eff7909de99da2e03c2e23a49e7ebd1345a416afa2b8ba66f4dde91fe50afa15dd27bb7e7a804fc8abf8d618f1385ad4d4981a663e5ef4d6ca251af0e59796b5bff13da794c0fd56962fa81e5b500f50667d536d5f529710dde71e5e697c8609393cd2377e88d53e1ad73082a4c356ab29831c4e6b01de389c04fcd45715f8a51bd936715e5b73feab0fb9a788fd114846ef8762a762ca4c65260f0b1a183d1a204f9a5fa8cb5a484f6f406e47b279f9f44b6e21d8554ce468e45ab5d3dd51de13ba00dab9f82082575a7e84c7660288e86cfed54dc4d4e52cd05cec6539d0bb2ae041332085d1a8e94c19847d2b468e4b3c8c1a0369740b1a02f357ab01312d42dcd0e2dd4c66b850ae5ce0f982a4a755d30ad5534b69e4a21a509d93ecc450113a8923cd0b56cddfdaaceeb000af3f863c5076415b633e22bd69604ee308e668b4a278729cd2b78940dd5f066384fc109499a31409fcb1a3f31f8ac5e9bf69ce7e0bc43661a47351db278c4941d4d44d4712495537bca36d1cf3b4aa6f60d29066a9549240f82574ed9ce310559f4dd06ad670c475255eb48ec931804892b6bfd36ffc287a4f672a3fa80adda476300707395d2cb4d6b30026d4a847246ebc16afd02d3ec030400897db97611b4a897607f8597afeec70812632e1b0f24a3505765ecd94ea3a00e2e192ef78113d13fa409a8f3ca1a067ac938e5cbe0abdd8cafc46af8600e183d4104ec721582d6986bdff00f28760cf28c74d94dfa561e15fed7e80eaa0d5a226a0f69bb778074ff97d5730acd049690411c88833cda41c823a2eeee0ab1dabec9b2e8778c3ddd71b3c0c3a361507e61e7b8f9214593396369c111f0df929e9da7181e6a5bcb0a945c5b599c0ee6019073ed30f318c7ae79a9285d86ffa4b38ff000783ef40aa69ce6e0177a35c4212b5b54eaf8f3714eff8b24cf1461075ab349de7d024e94e0bdb685a0940de3c84cae2e81047d94ae8dad5b8a9ddd26179f2f640eae3b008a8b11bf885ef772f72e99f87bd967538baacd871114d877683bb9c3912311d251dd91ec253b78ab5a2ad5dc48f030ffc4733e67e4ae45aaca3f583c40b5ea0ee9ee7490d9e5b709e452535e3338391e8531d41e45bd49920879f76604798f9aa6f6675269fe8d5700013c0e3b0073c24f3e7fe9089cd345ae85d29bbe0542db28c8fdc2f3811142389617ad1a5784ac637e25e1715a82b658c6072c2bd0b0958c0f5404aaeab10e194cae4e155b51b93c7baa448c9967b11216b5ec83b928748a92d4d43923291f051fcb874589b15885068f9e74fecabdf138571d13b26d672577b2d180e49cd0d2da15764bc129bf4afd9698d68c04c5ac8e49bff000f4dbbfcbf741dcea4ca6096b7d31b1df9fbd0f4d44d69684e4881d4a95cfa6d037713d063e2ab62fdd5c9e2245332249827a06ec279fa03d42241d8f16e086f3eb3027af4e9e91a83633af7e1a22238848e93303d3fc2515ee0bb769339e2da77208e7103972e7cc782e3c3980dcee461ad1c398f59f49e44943b5e41e16ef04024c9c10d183b6ffbad40b1df62eebfaf569b893c54daf199fceee29e87230ae4f7400eff0070792e65d9bb80dd41a262693da41249078da08ce4c10ef7003949e96d389ebd4f40a4ca458434caf0850b1dc3ce47d3fc222502821ed3e82dbaa65b3c0f1963e260f4239b765c8357b5ab6ef2caec2d3c8e4b4f9b5db382ef4f1cd73dedfd4ad5da2950a21cd3bd47418e9c0df38394e958e9aface68fbb70f31f35a1b97427cfec697b1a477ac79190d7363cfdb981e814ba7767db4de1ae6173672f2ee2703d48db87d005b41b975b216e8bd9fb8ba2207053e6f76d1cf846ee3f25d5b41d1a95ad30ca636ddc7da71e64951e9fa690043b1ca368f2f24de85b11b94c92452947c648d6a1ae6a7e51ed3b61f53e488af500c2145200f13bdadc6e607bbdc964e89c98afb52e0db5a807841616e07141303006e4cae5ae01951bb811b40327934f51fb8ea26fddbc7836ce33b960dc89e17891ebee545ab2e0038e2720609ce09df249231e64632522447da2ebd55ad1e2e20df7e06febfe95a6c355a7570486bbd70ec723fa2e6cc64105a4c939cc989dcf96e3ddeb2750ac5bb198da6447a98c67f4e997168e8b518b412ab6cd51f4da0b5d389734667198fbfd834b3ed05374710f86e3ae11a146f4da886d195e5a5565412c70211004250917f0ebc34118c2a4858c24baa182aad7fa74ba55eeb51940d4b00792652a1251b15692c809b062d685970a35b4d063204eed622f8562010561635c1b124981ea80bdd46640246edc6c0f2f55e2c54a12c557ba80607071933c1b182e92d8ce464479f09ce420293def744f382e24e0c49813b90467ce792c589be00218f63ddc3059c2092041008dfebf799285325b0008db3ed1e51cc46fcf63ea4e2c419888d71c3e174c41923332d24fcda475233d50efa64bf6f1416ef244180e9d8376c0cac58b18134268fe2496eec060c478838c8f298f3e7ca00ea56d56580c6cd11f0f97258b14a43a080dc81cb7ff004b663f13c962c4a3a6537f127597b1b46da938b4d625cf70dc526471069ea491ee9eb227d06b8a94dc0924cc13b6c76111000e8bc58af15f893c8ff2a26a96c09dfe9fb216bdb01d073c0f433f7f058b111063d9faded533f9723d09208f88f9a61715e3037d80f35eac4923af1f620c19065c24923dd247eea17b9dc5b441de791ce47c4faaf5628362b7654fb6ec2ea6d601bd40473c0927048e71cfde151dd53c2e32791c640de41062444ff8d962c4f1142c5000336e2209193040e7e58773cf9ed125a3789a0340e73c89df32798f4e5eb38b114626a2e6b5c262478b123a8222608cb7fd8952dd5bccd4a662071111bef248c0eb239c9f45eac4d62b4476baa399069cf276e46092397bc7fbc59ecbb4ae0435d079110491b999fbd962c4ed0a596cef5952386728b0f85e2c536863d2f5e1a8162c4006a6a85a1ac162c58c6bdf058b162263ffd9),
(10, 'ferintaylor@gmail.com', 'Muhammad', 'admin123', 0xffd8ffe000104a46494600010100000100010000ffdb00840009060712131215121312121512171515151515151515101015151515161615151515181d2820181a251d151521312125292b2e2e2e171f3338332d37282d2e2b010a0a0a0e0d0e1b10101a2d251f252d2d2d2d2d2d2d2d2d2d2d2d2d2d2d2d2d2d2d2d2d2d2d2d2d2d2d2d2d2d2d2d2d2d2d2d2d2d2d2d2d2d2d2d2d2d2d2d2d2dffc000110800a8012c03012200021101031101ffc4001c0000020203010100000000000000000000030402050001060708ffc4003c100001040102030603060503040300000001000203110421310512410613225161718191a1071432b1c1d1425292f0f12372e13362b2c2155382ffc4001a010003010101010000000000000000000001020300040506ffc4002411000202020202030101010100000000000001021103211231044113225161239105ffda000c03010002110311003f00f2c60a01425724a49cd8089349a2e5e04a894445a57364d691f1613badcb87653271520aa128e44e3a73caa3f77a4c88c1148ca4bb372d958c9750aca4c901a95930e905f13b645a8c866ec731f26ca73ef006b6aadaca0a125a5705262265db3283b4095ca9c355762e47292a524bcee4161e2ff83f12cb1df62d56e6bcdd279be10aaf27f11d6d3635b0206a6ddd0d6c2b8e371907437aefad9ff2991c38d1a37fc4d3e63f7ebf3f251c4c4e66f3822b637d0f91fdd58c53b7561346b43e5d2bdb54c10584c074d9d446bd6bf51fa2b2972472035b784dee3d0fa6ca9999365bcdbf53ff0070d2cfb8abf64ce4c8480debab4f95d02d77e8b59879b920fc6f4eba687e20fe887330168a1e767dff00bfee92385ccea1b38102faea681f9e8bafe1bc339c9d353b8dea9b64fd08f87ba4948a462d9c0654643b5ff8f9ab8e06d6b80165ae1d6c51f703f352ed0709744ed411a6c36f5d52dc2276f350b07d8107e1d118b1651a0fc64ba376de13b8d395dea3c9c155bda371b7d42bde30416d385b47f537d7dbe0aa2089a6db7a8f8d8f44b975b26d0bbdc026e2702125958ce1b6c831cae0a5c54968dc57a2cc6551a4713f2aa3ef0dda6a4cad12cb159b8177dfda5f35bcc125064a6649345358f8b0cb1b5b15c7c6a2a72cf46828c72dda2e3e3826ca76e9dc84717db0919b16b524b41370b02d64638a5053562a2b609b98d2dcce20d236263005332416552538f20b2b6586cda01751d538c9c25e686d562fd3004832ba04c87a4206729539723541c137a328d867adc6f5a6bb447821d1236918817da8070b452d50ee904d008cb1da5fba4c9dd1638932957665d958fc7418da79a82b8c9029298ee0d2adcf5a2fc9341a684866d6554156d3e5db4d6c154ad8aeb62a30058a4022418e5c682a852b351c8e1f874b144798f5521ceeaf80f2f6d55ee0705e6f757f85d97b155afe895c8aac4d9c9e3e2bdd6083eb7777d09f5f556d8b82e70e6a24800e9a6bcc2abe47e6bb2c0eca906fd0b7e07d7d174dc33b2e0e8050a0daf5b24dfcd64ec2e1470dc1782174919e5a1475e9b978bfea695e8bd93ecf729739c37b206bfc4e249d7dfeaba1c1ecf318d68ad80a5758f8a1a12cd58f174719da4ec94733482dfded786f68bb37262cd45a796edaea247d17d4d2c6b8fed8f016cd13a87880b0764917c58d25c91f3b67cee1434d86a39bf5d52f8b2d3bf31fb27fb47072bcb48a20d51fd3f655309a72bcd5a391fe17cc7821066c307542c07d95613c81ab8770968569c4abfb98427e12b16bad6e3d4aa73920a72654770414ec10b8ab0971c6eb4c20232c9ab1a52a42ae84342cc5942cca7da5226acdf25b11cec2bb3e9d49b12db6d51e4464129887329b48cb12ab40a45a61bacab231ae7b027d774cc9c44834a13c2dbd038b2ab19daa6e677925990d6aa51c9aeabaa4adda33df41dedd12d49f78e61a2426d12c1d81046391df9b4142168a429e25a937b321ec77970b58d935a42c29c06ea864f8b4495b661f7b4203e7e88b1b4f542963d522abd99bb013e452835bcc11e6c4b0b58b1d68a96ab46b20c8c08df7e4ab95c39c0d8f354eab8ddd8f136d165741c1b1c07aa08b75d170c778da8ccbe3ecf40e0fc34120aed30787b6b65cef0190505d96111417336db3baa90c636101d15ce1e301af54942e561148ab064269b2c23685096901af5271556ed104a9909156670d0a7de52198742a1265a28f02fb50c30d9ac75fcef75c246d1af9af4efb5d84780f5e623e7fdfe4bcd608b5074a1afbabc2571b2195548d43396952cac92e458e20e251db87aa939c532329d9ac0908145391385dad08805191ba29bc89b0f3fc0f34fd100bf448c729e6a563f77e6096514bb038fb6573e7a728c938e89c770ed755a9b0004ca7015d01eeec5a4276d156e19429024c7b4f09d05156c711b22d93ba33f1a904bd56efa1aff07e11612d2631b4cb4d0536bc282935d09192480e382342839ccea9b054e48c108a7f6b346db2a5b3109b6481c169d88866021564932af1b667252cc7bb4377329c44dacd689b8b5d968f9e821875a1bd9e15ac67ae7e2922744fbfe8969e4a5bc81e25a7c76152315d948c1b15129bb5a988bb09f6626895c8681a75565565388bb77575c39fe207d9533374fe2bebe042d21e07a6f07c9a0bb5e0dc4010012bcfbb3d287b40eabade1f096b81e87f35c92ecf421b476714c9e8e554f8c2c27a24d162345932644335a518c4cb589f649d117392594ac1ed55f945249062f67907db0c67958ee97f0f8fd150f67fb2cd9e07932863b4647cc40e67573729bd6b5e9ebbaf42fb45e1bdee1ca7f89839c7b3771f2b55bd9becf45370e8246d8943849cc7cc3abea1a15232ff00337c4a796a5d1e6589865ae2d70a73496b87910688f9846908b4f769250333208dbbc77cc68efa82b9dca9cf35850e2e523ce6a9961228c7283a2c64a39507d422a29a0a4aac98c6176988a60dd12f1c880f8cddace37d81cacb0c89b4b48b32aceaa729f0aa791c6d362c699a28bc2e096ca7d6cab99904293b249dd5b831dc57a1b81d7ba5e68b5d94f1ddd54df221d3d09d1934ba25d8f2516ac29c2d016d240a544a04cda5daed53f8f05ea957657149220d6a90684791a0055cec8f152692d1d2f22483cd004a98c0368b953e8976cda29414a8e4e3296cc9e7b14a580cd528c7d95678eda4f3faaa0375a092e3da8ba2a4cb650b533c10a71c95a291cc92a22c7001546633fd4be875539f20834b321b6c07a8fc8abaa4ecd7bb126efa6c9987709760d532db1442a30ad1dcf65c39845ecbd2787c8d206cbc222e2d230d97106bfc2bcc3edc491e97cdf0e5492c565e3992d1eeb8920f44cc9300bc7f85fda1027c5a13f25d7e271f128f09bd149c1a2ca4a5d1db636683d5383302f28e39da37c1cc40de88deb50b8bcbed87119cbbbb73f934b0c1a0bd06a9e289ce8f7be21da2823d1cf6d9d2ac5a07ff002b0c95caf06d7897673b359f9c406bdec24485c64639ad0e6914de6ddd60837b6b4ba3ecb709c864c629e377346eae70e262710763aa79422d5b12126de91de71a879b1e61e7149ff89559d928db8dc26299d5431fbe3e55c85ffb056fc49c5b0484f48dff00f895ca7189f97b331961a271f1d86f7a748c6bc7d48528ad1494ab7fc3cae59f9edcefc44927dcea556c91ea88f71ad1463049491547984643414193e8ac248010ab72602364f0698f00f13e85ad33209280d8dc426f171d3348a471f20e1c0841971414cf734b4e496a3d0670e08ac387aadbf113eea407c949b9c8936c0e3b2b4463002a40022c2cb4adb6c56d80ad10ec8442c28862d13598033756f8d900055f1c4a7b20def4327f81f325d154869bb5635682f8e968c879646d1a2db14a6e8b4528c224acd164c784ebb2af9b94a345924950743aa946ca29dd325369b1bc997942d61cfccb329b6d4b4079549453889a0b3c5654c426a945b2a3e3bd66da464cab7e8422890b51335808246e14616f300ba13b56742766a080c8ef73ec7e0ba4e0dd8cef0874933238c6a43af9cfa06d2a68319e0f84730f9ab9c6eff60c70fea23eba23c90eb1df651716e1c6191c1a6d80e874b23db75dff00d946477bced3bb6be4550e5709b61326e76f35d67d8fe235924c06be26fc94e52b45610a917fdafeca0c802f9a9a09a6f53a7e96b9eecee6418af7b4b7c2f01ae6f28e535a6de6bd9dd10f25cd71dec863641e62ce5779b4f2dfba47a2b092aa684f0fb551b5bcb0474e22b99c6cd7403727d93fc36135cce1a925c6f724ee503847656280d8b71f376aae266d0f45a52bd02a31e8a0ed6e506e34b7d6370f98afd579771ce3e5fc3b13083af95bcf31f50e7776c3f9fc02ebfed267231dc3f99c07c2ecfe4bc9049767d4a3d44e5cf2f4898685b00055cec920a60cf61238339788d73a3c2c0e48412da849945ab70f437168b292303651e6a48e2e5971d53b220a0d7632525d037bc9439da691a036a7236f44ae54e8d394ba65663bcdeab596095651c002d88014df22bb12ca68672344fc6cb1691cb8e9c9b8b2e852a4d5ab433371480ac32a421794400dda3f199418cb9c4203e428ddf8a51b050aa374484ba2944fb426468c194868d1af649b2805124985258436b6f88f441a4d872493d029dd5aacc33cc54bbbb506b4b536aa84f43ee082d8f5408e724a6f9c049c5ad0bc423b0ed61c3e508d8b35a61ee074519ca51743745135aeb23cd6b19b4482aee380754ae5c201b0af8b3272a1948b4ecebdbcc2d7a162c2c2d5e558a4b4d85daf09e31e1a3fb2a6483f47761c8ba62fdb3a6b401e69bfb239ff00d791b7af283efe6a83b539fcee6b475357e56af3ecb211df171fc6dd2fcc1f441c6a23a7733dbb9ac7c126fc900d5ea9d15415071be0ee713244fe5906c0fe135d0f97ba59266855ecb61384191d6b90c5ed010feee5059203441fcfd47aae871f23980368c62fd8936974711f6a901fba3de0125b5b740e73439c7d85fcd78fe3c9a52fa1b8c48c7ca311cdbef6099daed4c7462be3cff45e21da0e00ec69cc7a963bc519f4ea0fa8fd9744b0ff009f23867914b2f06504f1eba29c6c2ad3eea2945b1051e6ba1d34848447a25a58cdabb8da14258825f9558af26e8a789841b4eb66245261b00510c1695e44c5e6c5db905ab21cb25daa94ac1685f77d51fabec17fa587de02620782a9a68c852c79883491e3b568143f3e302509f8411a69285a586684b1e7e822d1e3a3b60b4c3c00127f7ad574ece99c925a27261255a394a704c50648ed0b39949fb27df04563ed564e28a7f0aa92b8680d6ac34828214326baa239c96b00a5ad0069ec4222d159900e8a362d2ab466db16ee354d1c7b088f45b149936d1b9340319bcab3bff1ac2c2967c26ed2a8a906efb2e257d0b55395966ac79a66592db494c983c3a7457f1fc7947ecd1935659e26a01e8534f9f9458dd54705c9d390f4d47b2b2c9710db1eebabb45568abe2b90e3cbaea0dfc575df671c618243cc29d436bdbcfd97212cae20f3b79879814e0b584610e04bdcd1ead37f02db52715d1484da767d29171b6b835ad20b8fd075251a5caf55e4bc038c61c34e88cb2c84510c6b8f37fbaf41f15d960e4cd380646f751ff00203723bfdcee83d029d517a6f65676938863cb2b5b77235d5607cc13d5743c31f40054dc6f058eaa681554764f70b93af5d8278b5db2724fa4319441e258e3ab71a63fd52443ff005293e3dc063c96f2bec53ac39b41c371a2d70471978a4d27f0c3032207a7339ce7bbf26fcd7471c7a95e8f8894b1be4b4cf1fcf6d665c7d1e63c5becf6768e68240f1fcaef0bbe0469f45c8e4f07ca8c90fc7987b34bc7cdb617d070b7c35e451bba61dc7eca793c2c4fad090cf2f67ccb2c9c868d83e4743f22a18b91cc57d1bc5f80c1382d9228dedf5683f25c6712fb2ec5079a274911f2079dbf275ae79780ebeaecbaf263ed1e5593372aaf9729769c77ecfb2da6d9cb2b7d3c0ffe9769f55cae6f06962d248decff0073481f3d973fc0f1afb23a612849698809cdab32f1cb6abdd8ab0b8814925152e8af0b1d6b6c297762d01990005a865b2938b235b19c961736957fdd8856a1cb0c60a55271d1ad894d212122c1aa6627da20855aeb4c29d681493522c0fb51920b436020ada68655544f222b506920261d22c73344a9889998faa8cb0a077a5a5371bac2ced6ccd50b6368e4c4ed376147bbd558e0604b2fe16123cf66fcd6dc9e8cdfb172c3cab78dcc74a27d574f89d9dffec37e8346ff00ca665e1e00a0001e8bab178526beda22f2a3987b292cf255e64e2d2ae931caea8e18c3a4652b100354db1a362b72e1908b0c2693d1aca0c989d13ef6ea0a7a0e21635f8fa2e826e1cc923e57d0f277915c8cd8ee8de58e1447c88e847a2e6c907076ba2f8e6a7af65cc4f037161158dc6bb3bf95127e890c47f43b7e4ba0e158f19d4d7beffe1272b5d164a9f63fc173c83cb0c47e0c0d1f32576f8025ab934f20173b89951c4f046a2ba523e5f6a4bbc313799fb7fda3dca9b6ff0028b77eecb3e3596346de9d7cc9e83fbf45bc594c71ba43bd1a1fdfd523c23853deeef253ccedeba5956f92d66ad7b79ba01640af2d35a42107925c6209e48e28f2906fb37c72207cae23bc99ee948b05c1aea6b0d7972b41f8ae931dde22bccf33893d991de37c063680d0053400346d6dcb46a9763d9ce32dc86091ba1d9c3c9dd7e0bdc8e0f8e097f0f9cc99be49b93fd3a289b49868b438458288c2a526521d18d1d10266dee9a7149bac95a2fd85a409d1792467e1a1d762efa1d47c95ab421c8f00275260e28e278976231653ff004c35de71f83e8343f25c57687ecda7602e81c241bf2ba9aff81d8fd17b4e3c3d5072e252961c727d7fc2b0cd920b4cf97b271df1b8b1ed735c376b8169f91518dc415f44f19e030cede49a36bdbd0d53dbead76e0af15ed2767df8b3ba33659a98dc7f8d97a1f71b10b873e078d5f68ebc7e429ebd89366d130c3a250469a66cbce92fc2d18b65634d14df7a08467630a48399ca557b1551611374409d9e496394764cb5da5a0e3406b62d230a73145851ab0b5102107b4614cd14537c2b1a494f246d2e3d4ecd1ee7a27385f09efe4a269a37237f60bd038370f646d0c634340dff00cf53eabb3078ef224df42e4caa2a8abe11d916b29d2ffa8ef2d983e1d7e2ba8185405015d06c3e49f87186e9aee57a50c7182a8a38a5372eca37c052d3e2abe7c5ad25e5813f60e8e47331ba21c3c3ac8d36d4fe9fdfa2be9f1f545820157e7f9744146d85ce91cd64e0fa24646b6305ced1a37f3f61eaba3e22e6b7735f527e0b95e2903e53b5346c3f53ea96687c6eca8973dc5f6e3e13f87c9a3c958b61648009058e8e1a3dbec7afb155d2e116f848f63ea89c3a62df0bbe0a37e996af68ccae1af848bf131df81e3f0bbd3d1de88d0447a58f6d15ee0ce28b5cd0f8ddf8984e87d4791f22159f0be0cd2ed3f059e5ea6ba03ea172e7c5c3ecba3afc7cbcfeafb28f13873de752e23d492bafe07c1437a2bbc2e0800d959331c317237675ad1bc6c60d6a4beefcce24027c9583788c2df0cb54ef08bfe6274fdbe2aea3634368003e8bd2f0aa316fd9e4ff00e8394a4a3e8f23edb6239840ad5dabbdba243b21c49d04be6c3a3c7a0ea3d57a6f18e0e252491bae6f2fb29cac73d835d87c57a319af679f28ea91dbf09cd63d81cd70734ea083fdea9d077f9af23e192e562bedbcc1b7a8dd87dc2f4ce119ddeb43aba7c14f242b68d8e4fa658b8a1944507a915052392cd6f314495c898ac4dd2076c618ca095cb1b0f54e9d924fd5c12c467d1b30e8b94ed8f00193096ff1b7c519f270e9ec762bb39346a42665845d4a34fa04752b47cf2ec337445106883b823708ecc65d4f6e70bbac8e703c320bf4e61a3bf43f35cf1942f1724638e4e2cf5f1e45c4a27cc8776b1625ad1100f8b54777e158b10bb3266e0723978ab5a58b7b337676fd97e12033987fd4e505ff00feb5fa0a5d4b603ca48deac7b8e8b4b17bd8e294691c337f62e386b83d8d78d880558b6158b13327ec532e3aa437c4b162082fa2938931c01e46f33ba0e9f155198ec9769f80793457d5696226058dc29c4dbac9f33a94ebf870ad962c406b14cae0a1edd9569e03ce0802a46edeab1625e298793405dc1dd5d5ae0acf8045911bb495b5e4e176b16268c10b2c8ecf47e1595cecd40e61bd6c7d52dc672835a4adac5e5793051c8d23d8f166e78d36797711e2b24f2b636d925ed6b479b8b857d57b842eb58b174f8abeace4f39dc92253ecb51c42a962c5d5e8e0f62f3e133f942263c41ba01416962d7a30d214856d6208228e1aa7216ac588b3208f3a24dbf896962d13482e4bb60a0e0b4b11044e2fed0787f798ce2078a3f18f87e2fa5af262e2b162f2bcf8ae499d987a3fffd9);